,QB,RB,RB,WR,WR,WR,TE,FLEX,DST,TotalPoints
0,Dak Prescott (30754548),Alexander Mattison (30754640),Tony Pollard (30754618),CeeDee Lamb (30754852),Tyler Lockett (30754874),Jaxon Smith-Njigba (30754916),Trey McBride (30755246),Terry McLaurin (30754882),Jaguars  (30755456),138.09492375092753
1,Geno Smith (30754553),Tony Pollard (30754618),Rachaad White (30754638),Tyler Lockett (30754874),Terry McLaurin (30754882),Diontae Johnson (30754892),Evan Engram (30755232),Bijan Robinson (30754634),Bengals  (30755452),137.66508573958117
2,Dak Prescott (30754548),Tony Pollard (30754618),Bijan Robinson (30754634),CeeDee Lamb (30754852),Wan'Dale Robinson (30754934),Jaxon Smith-Njigba (30754916),Trey McBride (30755246),Diontae Johnson (30754892),Cowboys  (30755438),137.28277323154742
3,Geno Smith (30754553),Aaron Jones (30754628),Christian McCaffrey (30754608),Tyler Lockett (30754874),Jaxon Smith-Njigba (30754916),Terry McLaurin (30754882),Evan Engram (30755232),Trey McBride (30755246),Steelers  (30755442),136.65252296232035
4,Dak Prescott (30754548),Najee Harris (30754652),Tony Pollard (30754618),CeeDee Lamb (30754852),Tyler Lockett (30754874),Terry McLaurin (30754882),Trey McBride (30755246),Evan Engram (30755232),Cardinals  (30755455),136.61083066957642
5,Kyler Murray (30754551),Bijan Robinson (30754634),Tony Pollard (30754618),Jaxon Smith-Njigba (30754916),CeeDee Lamb (30754852),Tyler Lockett (30754874),Trey McBride (30755246),Diontae Johnson (30754892),Bengals  (30755452),136.26093155219343
6,Dak Prescott (30754548),Travis Etienne Jr. (30754620),Bijan Robinson (30754634),CeeDee Lamb (30754852),Jaxon Smith-Njigba (30754916),Marquise Brown (30754896),Trey McBride (30755246),Tyler Lockett (30754874),Jaguars  (30755456),136.2492719952758
7,Kyler Murray (30754551),Austin Ekeler (30754610),Bijan Robinson (30754634),Jaxon Smith-Njigba (30754916),DK Metcalf (30754860),Diontae Johnson (30754892),Trey McBride (30755246),Terry McLaurin (30754882),Ravens  (30755440),136.11052062535933
8,Dak Prescott (30754548),Tony Pollard (30754618),Najee Harris (30754652),CeeDee Lamb (30754852),Diontae Johnson (30754892),Wan'Dale Robinson (30754934),Trey McBride (30755246),Travis Etienne Jr. (30754620),Chargers  (30755454),135.81350869679903
9,Geno Smith (30754553),Bijan Robinson (30754634),Alexander Mattison (30754640),Tyler Lockett (30754874),Terry McLaurin (30754882),Diontae Johnson (30754892),Evan Engram (30755232),Travis Etienne Jr. (30754620),Packers  (30755446),135.41748253145408
10,Geno Smith (30754553),Travis Etienne Jr. (30754620),Tony Pollard (30754618),Tyler Lockett (30754874),Terry McLaurin (30754882),Jaxon Smith-Njigba (30754916),T.J. Hockenson (30755226),Najee Harris (30754652),Packers  (30755446),135.11910461307616
11,Kyler Murray (30754551),Bijan Robinson (30754634),Tony Pollard (30754618),Wan'Dale Robinson (30754934),DK Metcalf (30754860),CeeDee Lamb (30754852),Trey McBride (30755246),Diontae Johnson (30754892),Chargers  (30755454),134.700074691365
12,Geno Smith (30754553),Rachaad White (30754638),Bijan Robinson (30754634),Tyler Lockett (30754874),Michael Thomas (30754906),Terry McLaurin (30754882),T.J. Hockenson (30755226),Deebo Samuel (30754872),Ravens  (30755440),134.4165431949096
13,Geno Smith (30754553),Aaron Jones (30754628),Bijan Robinson (30754634),Tyler Lockett (30754874),Jaxon Smith-Njigba (30754916),Terry McLaurin (30754882),T.J. Hockenson (30755226),Rachaad White (30754638),Cowboys  (30755438),133.97208355595322
14,Dak Prescott (30754548),Tyjae Spears (30754678),Bijan Robinson (30754634),CeeDee Lamb (30754852),Tyler Lockett (30754874),Michael Thomas (30754906),Trey McBride (30755246),Diontae Johnson (30754892),Cowboys  (30755438),133.89888052294884
15,Kyler Murray (30754551),Travis Etienne Jr. (30754620),Rachaad White (30754638),Brandin Cooks (30754910),Michael Thomas (30754906),Tyler Lockett (30754874),Trey McBride (30755246),Tony Pollard (30754618),Cowboys  (30755438),133.7980605093624
16,Geno Smith (30754553),Rachaad White (30754638),Alexander Mattison (30754640),Tyler Lockett (30754874),DK Metcalf (30754860),Diontae Johnson (30754892),Evan Engram (30755232),Bijan Robinson (30754634),Buccaneers  (30755445),133.3293005450863
17,Geno Smith (30754553),Alexander Mattison (30754640),Bijan Robinson (30754634),Tyler Lockett (30754874),Diontae Johnson (30754892),Terry McLaurin (30754882),Evan Engram (30755232),Najee Harris (30754652),Cowboys  (30755438),133.01912476019308
18,Kyler Murray (30754551),Tony Pollard (30754618),Bijan Robinson (30754634),Jaxon Smith-Njigba (30754916),DK Metcalf (30754860),Brandon Aiyuk (30754858),Trey McBride (30755246),Tyler Lockett (30754874),Jaguars  (30755456),132.75486014415804
19,Geno Smith (30754553),Najee Harris (30754652),Alvin Kamara (30754612),Tyler Lockett (30754874),DK Metcalf (30754860),Terry McLaurin (30754882),Evan Engram (30755232),Diontae Johnson (30754892),Giants  (30755457),132.60342273223299
20,Geno Smith (30754553),Najee Harris (30754652),Rachaad White (30754638),Tyler Lockett (30754874),Jaxon Smith-Njigba (30754916),Marquise Brown (30754896),T.J. Hockenson (30755226),CeeDee Lamb (30754852),Cowboys  (30755438),132.46245174275364
21,Kyler Murray (30754551),Christian McCaffrey (30754608),Tony Pollard (30754618),Wan'Dale Robinson (30754934),Jaxon Smith-Njigba (30754916),DK Metcalf (30754860),Trey McBride (30755246),Tyler Lockett (30754874),Titans  (30755447),132.12453509918404
22,Geno Smith (30754553),Tony Pollard (30754618),Alexander Mattison (30754640),Tyler Lockett (30754874),Chris Olave (30754868),Terry McLaurin (30754882),T.J. Hockenson (30755226),Najee Harris (30754652),Lions  (30755449),130.75780994597503
23,Geno Smith (30754553),Rachaad White (30754638),Aaron Jones (30754628),Tyler Lockett (30754874),DeAndre Hopkins (30754876),Diontae Johnson (30754892),T.J. Hockenson (30755226),Bijan Robinson (30754634),Titans  (30755447),128.96349688889455
