,Position,Name + ID,Name,ID,Roster Position,Salary,Game Info,TeamAbbrev,AvgPointsPerGame,Unnamed: 0,pass_Yds,pass_TD,pass_INT,rush_Yds,rush_TD,rec_Rec,rec_Yds,rec_TD,DFS Total
0,WR,A.J. Brown (31162700),A.J. Brown,31162700,WR/FLEX,9000,BUF@PHI 11/26/2023 04:25PM ET,PHI,22.33,275.0,0.0,0.0,0.0,0.0,0.0,5.0,3.7,6.0,14.7
1,WR,Stefon Diggs (31162702),Stefon Diggs,31162702,WR/FLEX,8800,BUF@PHI 11/26/2023 04:25PM ET,BUF,20.41,270.0,0.0,0.0,0.0,0.0,0.0,6.0,7.4,6.0,19.4
2,RB,Alvin Kamara (31162464),Alvin Kamara,31162464,RB/FLEX,8400,NO@ATL 11/26/2023 01:00PM ET,NO,20.47,75.0,0.0,0.0,0.0,6.9,0.0,4.0,5.0,0.0,15.9
3,WR,Ja'Marr Chase (31162704),Ja'Marr Chase,31162704,WR/FLEX,8300,PIT@CIN 11/26/2023 01:00PM ET,CIN,20.17,217.0,0.0,0.0,0.0,0.0,0.0,4.0,8.1,0.0,12.1
4,QB,Jalen Hurts (31162400),Jalen Hurts,31162400,QB,8300,BUF@PHI 11/26/2023 04:25PM ET,PHI,24.54,33.0,8.0,12.0,-1.0,6.5,12.0,0.0,0.0,0.0,37.5
5,QB,Patrick Mahomes (31162401),Patrick Mahomes,31162401,QB,8200,KC@LV 11/26/2023 04:25PM ET,KC,20.84,29.0,11.92,8.0,0.0,0.9,0.0,0.0,0.0,0.0,20.82
6,TE,Travis Kelce (31163074),Travis Kelce,31163074,TE/FLEX,8200,KC@LV 11/26/2023 04:25PM ET,KC,18.12,259.0,0.0,0.0,0.0,0.0,0.0,6.0,9.1,0.0,15.1
7,QB,Josh Allen (31162402),Josh Allen,31162402,QB,8100,BUF@PHI 11/26/2023 04:25PM ET,BUF,24.64,32.0,16.560000000000002,8.0,-1.0,8.1,12.0,0.0,0.0,0.0,43.66
8,WR,Cooper Kupp (31162706),Cooper Kupp,31162706,WR/FLEX,8000,LAR@ARI 11/26/2023 04:05PM ET,LAR,12.58,249.0,0.0,0.0,0.0,0.0,0.0,3.0,1.8,0.0,4.8
9,WR,Davante Adams (31162708),Davante Adams,31162708,WR/FLEX,7800,KC@LV 11/26/2023 04:25PM ET,LV,15.01,264.0,0.0,0.0,0.0,0.0,0.0,5.0,7.300000000000001,0.0,12.3
10,QB,C.J. Stroud (31162403),C.J. Stroud,31162403,QB,7700,JAX@HOU 11/26/2023 01:00PM ET,HOU,21.6,11.0,15.16,8.0,0.0,4.7,6.0,0.0,0.0,0.0,33.86
11,WR,Puka Nacua (31162710),Puka Nacua,31162710,WR/FLEX,7600,LAR@ARI 11/26/2023 04:05PM ET,LAR,18.98,247.0,0.0,0.0,0.0,0.0,0.0,4.0,2.7,0.0,6.7
12,WR,Mike Evans (31162712),Mike Evans,31162712,WR/FLEX,7400,TB@IND 11/26/2023 01:00PM ET,TB,17.4,188.0,0.0,0.0,0.0,0.0,0.0,6.0,7.0,12.0,25.0
13,RB,Saquon Barkley (31162466),Saquon Barkley,31162466,RB/FLEX,7300,NE@NYG 11/26/2023 01:00PM ET,NYG,17.54,88.0,0.0,0.0,0.0,4.6000000000000005,0.0,1.0,0.6000000000000001,0.0,6.200000000000001
14,WR,Adam Thielen (31162714),Adam Thielen,31162714,WR/FLEX,7300,CAR@TEN 11/26/2023 01:00PM ET,CAR,18.42,181.0,0.0,0.0,0.0,0.0,0.0,1.0,0.2,0.0,1.2
15,RB,Travis Etienne Jr. (31162468),Travis Etienne Jr.,31162468,RB/FLEX,7100,JAX@HOU 11/26/2023 01:00PM ET,JAX,18.22,59.0,0.0,0.0,0.0,5.6000000000000005,0.0,4.0,3.0,0.0,12.6
16,WR,DeVonta Smith (31162716),DeVonta Smith,31162716,WR/FLEX,7100,BUF@PHI 11/26/2023 04:25PM ET,PHI,13.82,274.0,0.0,0.0,0.0,0.0,0.0,7.0,13.6,6.0,26.6
18,RB,Jonathan Taylor (31162470),Jonathan Taylor,31162470,RB/FLEX,6900,TB@IND 11/26/2023 01:00PM ET,IND,13.33,72.0,0.0,0.0,0.0,9.1,12.0,0.0,0.0,0.0,21.1
19,QB,Kyler Murray (31162404),Kyler Murray,31162404,QB,6900,LAR@ARI 11/26/2023 04:05PM ET,ARI,20.46,28.0,10.24,4.0,0.0,0.2,6.0,0.0,0.0,0.0,20.44
20,WR,Michael Pittman Jr. (31162720),Michael Pittman Jr.,31162720,WR/FLEX,6800,TB@IND 11/26/2023 01:00PM ET,IND,15.67,194.0,0.0,0.0,0.0,0.0,0.0,10.0,13.7,0.0,23.700000000000003
21,RB,D'Andre Swift (31162472),D'Andre Swift,31162472,RB/FLEX,6800,BUF@PHI 11/26/2023 04:25PM ET,PHI,15.67,114.0,0.0,0.0,0.0,8.0,0.0,1.0,0.4,0.0,9.4
22,RB,Josh Jacobs (31162474),Josh Jacobs,31162474,RB/FLEX,6700,KC@LV 11/26/2023 04:25PM ET,LV,14.14,108.0,0.0,0.0,0.0,14.0,6.0,4.0,1.5,0.0,25.5
23,WR,Chris Olave (31162722),Chris Olave,31162722,WR/FLEX,6600,NO@ATL 11/26/2023 01:00PM ET,NO,14.57,200.0,0.0,0.0,0.0,0.0,0.0,7.0,14.4,0.0,21.4
24,RB,Kyren Williams (31162476),Kyren Williams,31162476,RB/FLEX,6600,LAR@ARI 11/26/2023 04:05PM ET,LAR,19.52,98.0,0.0,0.0,0.0,17.3,0.0,6.0,6.1000000000000005,12.0,41.400000000000006
25,RB,Bijan Robinson (31162478),Bijan Robinson,31162478,RB/FLEX,6500,NO@ATL 11/26/2023 01:00PM ET,ATL,13.9,79.0,0.0,0.0,0.0,9.1,6.0,3.0,3.2,6.0,27.3
26,QB,Trevor Lawrence (31162405),Trevor Lawrence,31162405,QB,6400,JAX@HOU 11/26/2023 01:00PM ET,JAX,16.83,10.0,17.560000000000002,4.0,-1.0,0.0,6.0,0.0,0.0,0.0,26.56
27,WR,Nico Collins (31162724),Nico Collins,31162724,WR/FLEX,6400,JAX@HOU 11/26/2023 01:00PM ET,HOU,15.84,168.0,0.0,0.0,0.0,0.0,0.0,7.0,13.4,6.0,26.4
28,RB,Derrick Henry (31162482),Derrick Henry,31162482,RB/FLEX,6400,CAR@TEN 11/26/2023 01:00PM ET,TEN,13.71,67.0,0.0,0.0,0.0,7.6,12.0,1.0,0.0,0.0,20.6
29,RB,Joe Mixon (31162480),Joe Mixon,31162480,RB/FLEX,6300,PIT@CIN 11/26/2023 01:00PM ET,CIN,14.03,84.0,0.0,0.0,0.0,1.6,0.0,2.0,4.4,0.0,8.0
30,WR,Chris Godwin (31162726),Chris Godwin,31162726,WR/FLEX,6300,TB@IND 11/26/2023 01:00PM ET,TB,11.85,191.0,0.0,0.0,0.0,0.0,0.0,3.0,4.5,0.0,7.5
31,QB,Matthew Stafford (31162406),Matthew Stafford,31162406,QB,6300,LAR@ARI 11/26/2023 04:05PM ET,LAR,15.37,27.0,9.16,16.0,-1.0,0.2,0.0,0.0,0.0,0.0,24.36
33,RB,Isiah Pacheco (31162486),Isiah Pacheco,31162486,RB/FLEX,6200,KC@LV 11/26/2023 04:25PM ET,KC,12.96,106.0,0.0,0.0,0.0,5.5,12.0,5.0,3.4000000000000004,0.0,25.9
34,RB,James Cook (31162484),James Cook,31162484,RB/FLEX,6200,BUF@PHI 11/26/2023 04:25PM ET,BUF,13.08,111.0,0.0,0.0,0.0,4.3,0.0,6.0,5.7,0.0,16.0
35,RB,Rachaad White (31162488),Rachaad White,31162488,RB/FLEX,6100,TB@IND 11/26/2023 01:00PM ET,TB,15.13,70.0,0.0,0.0,0.0,13.0,0.0,2.0,1.0,0.0,16.0
36,WR,DeAndre Hopkins (31162730),DeAndre Hopkins,31162730,WR/FLEX,6100,CAR@TEN 11/26/2023 01:00PM ET,TEN,13.75,185.0,0.0,0.0,0.0,0.0,0.0,3.0,4.9,0.0,7.9
37,RB,Devin Singletary (31162490),Devin Singletary,31162490,RB/FLEX,6000,JAX@HOU 11/26/2023 01:00PM ET,HOU,8.72,62.0,0.0,0.0,0.0,1.8,0.0,6.0,5.4,0.0,13.2
38,WR,Calvin Ridley (31162732),Calvin Ridley,31162732,WR/FLEX,6000,JAX@HOU 11/26/2023 01:00PM ET,JAX,13.52,163.0,0.0,0.0,0.0,0.0,0.0,5.0,8.9,6.0,19.9
39,RB,James Conner (31162492),James Conner,31162492,RB/FLEX,5900,LAR@ARI 11/26/2023 04:05PM ET,ARI,11.14,101.0,0.0,0.0,0.0,2.7,0.0,4.0,0.5,0.0,7.2
40,WR,Amari Cooper (31162734),Amari Cooper,31162734,WR/FLEX,5900,CLE@DEN 11/26/2023 04:05PM ET,CLE,14.09,240.0,0.0,0.0,0.0,0.0,0.0,2.0,1.6,0.0,3.6
41,QB,Derek Carr (31162407),Derek Carr,31162407,QB,5800,NO@ATL 11/26/2023 01:00PM ET,NO,14.05,17.0,15.16,0.0,-1.0,0.7000000000000001,0.0,0.0,0.0,0.0,14.86
42,RB,Rhamondre Stevenson (31162494),Rhamondre Stevenson,31162494,RB/FLEX,5800,NE@NYG 11/26/2023 01:00PM ET,NE,12.11,85.0,0.0,0.0,0.0,9.8,6.0,5.0,0.9,0.0,21.7
43,WR,Jakobi Meyers (31162736),Jakobi Meyers,31162736,WR/FLEX,5800,KC@LV 11/26/2023 04:25PM ET,LV,13.49,31.0,0.0,0.0,0.0,0.2,0.0,6.0,7.9,6.0,20.1
44,WR,Christian Kirk (31162738),Christian Kirk,31162738,WR/FLEX,5700,JAX@HOU 11/26/2023 01:00PM ET,JAX,14.18,165.0,0.0,0.0,0.0,0.0,0.0,4.0,8.9,0.0,12.9
45,RB,Javonte Williams (31162496),Javonte Williams,31162496,RB/FLEX,5700,CLE@DEN 11/26/2023 04:05PM ET,DEN,10.76,94.0,0.0,0.0,0.0,6.5,0.0,3.0,0.6000000000000001,0.0,10.1
46,RB,Jerome Ford (31162498),Jerome Ford,31162498,RB/FLEX,5600,CLE@DEN 11/26/2023 04:05PM ET,CLE,13.12,90.0,0.0,0.0,0.0,6.5,0.0,4.0,1.4,0.0,11.9
47,RB,Dameon Pierce (31162500),Dameon Pierce,31162500,RB/FLEX,5500,JAX@HOU 11/26/2023 01:00PM ET,HOU,8.01,63.0,0.0,0.0,0.0,1.4,0.0,1.0,0.4,0.0,2.8000000000000003
48,QB,Baker Mayfield (31162408),Baker Mayfield,31162408,QB,5500,TB@IND 11/26/2023 01:00PM ET,TB,16.95,14.0,7.96,8.0,-1.0,1.4,0.0,0.0,0.0,0.0,16.36
49,WR,Rashee Rice (31162740),Rashee Rice,31162740,WR/FLEX,5500,KC@LV 11/26/2023 04:25PM ET,KC,10.17,258.0,0.0,0.0,0.0,0.0,0.0,8.0,13.7,6.0,27.700000000000003
50,RB,Jaylen Warren (31162502),Jaylen Warren,31162502,RB/FLEX,5400,PIT@CIN 11/26/2023 01:00PM ET,PIT,13.07,83.0,0.0,0.0,0.0,4.9,0.0,3.0,1.3,0.0,9.2
51,TE,Dalton Schultz (31163076),Dalton Schultz,31163076,TE/FLEX,5400,JAX@HOU 11/26/2023 01:00PM ET,HOU,11.63,174.0,0.0,0.0,0.0,0.0,0.0,1.0,0.2,0.0,1.2
52,QB,Russell Wilson (31162409),Russell Wilson,31162409,QB,5400,CLE@DEN 11/26/2023 04:05PM ET,DEN,18.08,26.0,5.36,4.0,0.0,3.4000000000000004,6.0,0.0,0.0,0.0,18.76
53,WR,Courtland Sutton (31162742),Courtland Sutton,31162742,WR/FLEX,5400,CLE@DEN 11/26/2023 04:05PM ET,DEN,13.99,242.0,0.0,0.0,0.0,0.0,0.0,3.0,6.1000000000000005,0.0,9.1
54,QB,Will Levis (31162410),Will Levis,31162410,QB,5300,CAR@TEN 11/26/2023 01:00PM ET,TEN,14.2,13.0,7.4,0.0,0.0,-0.3,0.0,0.0,0.0,0.0,7.1000000000000005
56,TE,Dalton Kincaid (31163078),Dalton Kincaid,31163078,TE/FLEX,5300,BUF@PHI 11/26/2023 04:25PM ET,BUF,10.56,271.0,0.0,0.0,0.0,0.0,0.0,5.0,3.8,0.0,8.8
57,QB,Jake Browning (31162411),Jake Browning,31162411,QB,5200,PIT@CIN 11/26/2023 01:00PM ET,CIN,5.31,20.0,9.08,4.0,-1.0,0.9,0.0,0.0,0.0,0.0,12.98
58,QB,Tommy DeVito (31162412),Tommy DeVito,31162412,QB,5200,NE@NYG 11/26/2023 01:00PM ET,NYG,13.74,23.0,7.640000000000001,4.0,0.0,0.6000000000000001,0.0,0.0,0.0,0.0,12.24
60,WR,Marquise Brown (31162746),Marquise Brown,31162746,WR/FLEX,5200,LAR@ARI 11/26/2023 04:05PM ET,ARI,10.9,254.0,0.0,0.0,0.0,0.0,0.0,6.0,8.8,0.0,14.8
61,QB,Gardner Minshew II (31162413),Gardner Minshew II,31162413,QB,5100,TB@IND 11/26/2023 01:00PM ET,IND,11.32,16.0,10.04,0.0,-1.0,0.6000000000000001,6.0,0.0,0.0,0.0,15.64
62,QB,Mac Jones (31162414),Mac Jones,31162414,QB,5100,NE@NYG 11/26/2023 01:00PM ET,NE,12.18,21.0,3.56,0.0,-2.0,0.0,0.0,0.0,0.0,0.0,1.56
63,WR,Drake London (31162748),Drake London,31162748,WR/FLEX,5000,NO@ATL 11/26/2023 01:00PM ET,ATL,11.48,205.0,0.0,0.0,0.0,0.0,0.0,5.0,9.1,0.0,14.1
64,TE,Taysom Hill (31163080),Taysom Hill,31163080,TE/FLEX,5000,NO@ATL 11/26/2023 01:00PM ET,NO,9.49,77.0,0.0,0.0,0.0,2.6,0.0,2.0,5.5,0.0,10.1
65,RB,Ezekiel Elliott (31162506),Ezekiel Elliott,31162506,RB/FLEX,5000,NE@NYG 11/26/2023 01:00PM ET,NE,7.29,86.0,0.0,0.0,0.0,4.6000000000000005,0.0,2.0,0.6000000000000001,0.0,7.200000000000001
66,QB,Aidan O'Connell (31162415),Aidan O'Connell,31162415,QB,5000,KC@LV 11/26/2023 04:25PM ET,LV,9.75,30.0,9.92,4.0,0.0,0.0,0.0,0.0,0.0,0.0,13.92
68,RB,Najee Harris (31162510),Najee Harris,31162510,RB/FLEX,4900,PIT@CIN 11/26/2023 01:00PM ET,PIT,9.85,82.0,0.0,0.0,0.0,9.9,6.0,0.0,0.0,0.0,15.9
69,WR,Diontae Johnson (31162752),Diontae Johnson,31162752,WR/FLEX,4900,PIT@CIN 11/26/2023 01:00PM ET,PIT,10.92,211.0,0.0,0.0,0.0,0.0,0.0,4.0,5.0,0.0,9.0
70,QB,Bryce Young (31162418),Bryce Young,31162418,QB,4900,CAR@TEN 11/26/2023 01:00PM ET,CAR,12.01,12.0,7.76,0.0,0.0,2.3000000000000003,0.0,0.0,0.0,0.0,10.06
71,QB,Dorian Thompson-Robinson (31162416),Dorian Thompson-Robinson,31162416,QB,4900,CLE@DEN 11/26/2023 04:05PM ET,CLE,3.05,24.0,5.36,4.0,0.0,2.1,0.0,0.0,0.0,0.0,11.46
72,WR,Jerry Jeudy (31162750),Jerry Jeudy,31162750,WR/FLEX,4900,CLE@DEN 11/26/2023 04:05PM ET,DEN,9.32,243.0,0.0,0.0,0.0,0.0,0.0,2.0,1.1,0.0,3.1
74,QB,Desmond Ridder (31162419),Desmond Ridder,31162419,QB,4800,NO@ATL 11/26/2023 01:00PM ET,ATL,14.33,18.0,6.72,4.0,-2.0,3.0,0.0,0.0,0.0,0.0,11.72
75,QB,Kenny Pickett (31162423),Kenny Pickett,31162423,QB,4800,PIT@CIN 11/26/2023 01:00PM ET,PIT,9.95,19.0,11.12,0.0,0.0,0.5,0.0,0.0,0.0,0.0,11.62
76,WR,Josh Downs (31162754),Josh Downs,31162754,WR/FLEX,4800,TB@IND 11/26/2023 01:00PM ET,IND,11.03,195.0,0.0,0.0,0.0,0.0,0.0,5.0,4.3,0.0,9.3
77,RB,Chuba Hubbard (31162516),Chuba Hubbard,31162516,RB/FLEX,4800,CAR@TEN 11/26/2023 01:00PM ET,CAR,8.16,65.0,0.0,0.0,0.0,4.5,6.0,5.0,4.7,0.0,20.2
79,RB,Kareem Hunt (31162512),Kareem Hunt,31162512,RB/FLEX,4800,CLE@DEN 11/26/2023 04:05PM ET,CLE,9.66,91.0,0.0,0.0,0.0,2.2,0.0,0.0,0.0,0.0,2.2
80,RB,Jaleel McLaughlin (31162514),Jaleel McLaughlin,31162514,RB/FLEX,4800,CLE@DEN 11/26/2023 04:05PM ET,DEN,7.3,97.0,0.0,0.0,0.0,0.4,0.0,0.0,0.0,0.0,0.4
84,WR,George Pickens (31162756),George Pickens,31162756,WR/FLEX,4700,PIT@CIN 11/26/2023 01:00PM ET,PIT,12.59,212.0,0.0,0.0,0.0,0.0,0.0,3.0,5.800000000000001,0.0,8.8
85,RB,Zack Moss (31162518),Zack Moss,31162518,RB/FLEX,4700,TB@IND 11/26/2023 01:00PM ET,IND,14.89,73.0,0.0,0.0,0.0,5.5,0.0,2.0,1.5,0.0,9.0
88,QB,Clayton Tune (31162428),Clayton Tune,31162428,QB,4700,LAR@ARI 11/26/2023 04:05PM ET,ARI,2.79,105.0,0.0,0.0,0.0,0.0,0.0,0.0,0.0,0.0,0.0
89,TE,Trey McBride (31163084),Trey McBride,31163084,TE/FLEX,4700,LAR@ARI 11/26/2023 04:05PM ET,ARI,8.74,253.0,0.0,0.0,0.0,0.0,0.0,7.0,6.0,0.0,13.0
94,RB,Tyler Allgeier (31162522),Tyler Allgeier,31162522,RB/FLEX,4600,NO@ATL 11/26/2023 01:00PM ET,ATL,8.05,80.0,0.0,0.0,0.0,6.4,0.0,0.0,0.0,0.0,6.4
97,WR,Tyler Boyd (31162758),Tyler Boyd,31162758,WR/FLEX,4600,PIT@CIN 11/26/2023 01:00PM ET,CIN,10.65,219.0,0.0,0.0,0.0,0.0,0.0,3.0,2.3000000000000003,0.0,5.300000000000001
99,QB,Kyle Trask (31162433),Kyle Trask,31162433,QB,4600,TB@IND 11/26/2023 01:00PM ET,TB,-0.1,15.0,0.0,0.0,0.0,0.0,0.0,0.0,0.0,0.0,0.0
102,RB,Samaje Perine (31162524),Samaje Perine,31162524,RB/FLEX,4600,CLE@DEN 11/26/2023 04:05PM ET,DEN,7.44,95.0,0.0,0.0,0.0,5.5,6.0,1.0,1.1,0.0,13.6
106,RB,Royce Freeman (31162528),Royce Freeman,31162528,RB/FLEX,4500,LAR@ARI 11/26/2023 04:05PM ET,LAR,3.93,99.0,0.0,0.0,0.0,7.7,6.0,0.0,0.0,0.0,13.7
109,RB,Ty Johnson (31162526),Ty Johnson,31162526,RB/FLEX,4500,BUF@PHI 11/26/2023 04:25PM ET,BUF,3.0,113.0,0.0,0.0,0.0,1.9,0.0,0.0,0.0,0.0,1.9
111,QB,Bailey Zappe (31162440),Bailey Zappe,31162440,QB,4400,NE@NYG 11/26/2023 01:00PM ET,NE,1.05,22.0,2.16,0.0,-1.0,0.0,0.0,0.0,0.0,0.0,1.16
112,WR,Demario Douglas (31162762),Demario Douglas,31162762,WR/FLEX,4400,NE@NYG 11/26/2023 01:00PM ET,NE,7.56,225.0,0.0,0.0,0.0,0.0,0.0,6.0,4.9,0.0,10.9
113,RB,Tyjae Spears (31162534),Tyjae Spears,31162534,RB/FLEX,4400,CAR@TEN 11/26/2023 01:00PM ET,TEN,7.66,68.0,0.0,0.0,0.0,0.6000000000000001,0.0,1.0,0.1,0.0,1.7000000000000002
114,RB,Miles Sanders (31162538),Miles Sanders,31162538,RB/FLEX,4400,CAR@TEN 11/26/2023 01:00PM ET,CAR,7.16,66.0,0.0,0.0,0.0,2.8000000000000003,0.0,0.0,0.0,0.0,2.8000000000000003
115,RB,Emari Demercado (31162536),Emari Demercado,31162536,RB/FLEX,4400,LAR@ARI 11/26/2023 04:05PM ET,ARI,5.49,103.0,0.0,0.0,0.0,1.5,0.0,0.0,0.0,0.0,1.5
116,RB,Latavius Murray (31162530),Latavius Murray,31162530,RB/FLEX,4400,BUF@PHI 11/26/2023 04:25PM ET,BUF,5.82,112.0,0.0,0.0,0.0,3.0,0.0,3.0,1.8,0.0,7.8
117,WR,Rashid Shaheed (31162764),Rashid Shaheed,31162764,WR/FLEX,4300,NO@ATL 11/26/2023 01:00PM ET,NO,11.28,203.0,0.0,0.0,0.0,0.0,0.0,2.0,0.9,0.0,2.9
118,RB,Chase Edmonds (31162544),Chase Edmonds,31162544,RB/FLEX,4300,TB@IND 11/26/2023 01:00PM ET,TB,1.85,71.0,0.0,0.0,0.0,1.1,0.0,0.0,0.0,0.0,1.1
119,RB,Ameer Abdullah (31162540),Ameer Abdullah,31162540,RB/FLEX,4300,KC@LV 11/26/2023 04:25PM ET,LV,1.93,109.0,0.0,0.0,0.0,1.1,0.0,1.0,0.2,0.0,2.3000000000000003
120,RB,Boston Scott (31162542),Boston Scott,31162542,RB/FLEX,4300,BUF@PHI 11/26/2023 04:25PM ET,PHI,1.35,116.0,0.0,0.0,0.0,1.4,0.0,0.0,0.0,0.0,1.4
121,RB,Cordarrelle Patterson (31162546),Cordarrelle Patterson,31162546,RB/FLEX,4200,NO@ATL 11/26/2023 01:00PM ET,ATL,2.13,81.0,0.0,0.0,0.0,4.3,0.0,0.0,0.0,0.0,4.3
122,RB,Jamaal Williams (31162548),Jamaal Williams,31162548,RB/FLEX,4200,NO@ATL 11/26/2023 01:00PM ET,NO,3.58,78.0,0.0,0.0,0.0,0.6000000000000001,0.0,2.0,0.4,0.0,3.0
125,TE,Evan Engram (31163086),Evan Engram,31163086,TE/FLEX,4200,JAX@HOU 11/26/2023 01:00PM ET,JAX,10.55,164.0,0.0,0.0,0.0,0.0,0.0,5.0,4.9,0.0,9.9
128,TE,David Njoku (31163088),David Njoku,31163088,TE/FLEX,4100,CLE@DEN 11/26/2023 04:05PM ET,CLE,9.93,238.0,0.0,0.0,0.0,0.0,0.0,6.0,5.9,0.0,11.9
129,RB,Zamir White (31162552),Zamir White,31162552,RB/FLEX,4100,KC@LV 11/26/2023 04:25PM ET,LV,1.22,110.0,0.0,0.0,0.0,0.0,0.0,0.0,0.0,0.0,0.0
133,RB,Keith Smith (31162558),Keith Smith,31162558,RB/FLEX,4000,NO@ATL 11/26/2023 01:00PM ET,ATL,0.52,209.0,0.0,0.0,0.0,0.0,0.0,1.0,0.6000000000000001,0.0,1.6
141,TE,Kyle Pitts (31163090),Kyle Pitts,31163090,TE/FLEX,4000,NO@ATL 11/26/2023 01:00PM ET,ATL,8.25,206.0,0.0,0.0,0.0,0.0,0.0,2.0,2.2,0.0,4.2
158,RB,Andrew Beck (31162582),Andrew Beck,31162582,RB/FLEX,4000,JAX@HOU 11/26/2023 01:00PM ET,HOU,1.73,173.0,0.0,0.0,0.0,0.0,0.0,1.0,0.1,0.0,1.1
160,RB,D'Ernest Johnson (31162696),D'Ernest Johnson,31162696,RB/FLEX,4000,JAX@HOU 11/26/2023 01:00PM ET,JAX,2.04,60.0,0.0,0.0,0.0,1.9,0.0,1.0,4.2,0.0,7.1000000000000005
162,WR,Robert Woods (31162770),Robert Woods,31162770,WR/FLEX,4000,JAX@HOU 11/26/2023 01:00PM ET,HOU,7.82,169.0,0.0,0.0,0.0,0.0,0.0,2.0,4.0,0.0,6.0
181,RB,Patrick Taylor (31162642),Patrick Taylor,31162642,RB/FLEX,4000,NE@NYG 11/26/2023 01:00PM ET,NE,2.68,36.0,0.0,0.0,0.0,1.1,0.0,1.0,0.4,0.0,2.5
182,RB,Matt Breida (31162652),Matt Breida,31162652,RB/FLEX,4000,NE@NYG 11/26/2023 01:00PM ET,NYG,3.39,89.0,0.0,0.0,0.0,0.6000000000000001,0.0,1.0,1.0,0.0,2.6
196,RB,Zach Evans (31162632),Zach Evans,31162632,RB/FLEX,4000,LAR@ARI 11/26/2023 04:05PM ET,LAR,0.2,100.0,0.0,0.0,0.0,0.6000000000000001,0.0,0.0,0.0,0.0,0.6000000000000001
198,RB,Michael Carter (31162668),Michael Carter,31162668,RB/FLEX,4000,LAR@ARI 11/26/2023 04:05PM ET,ARI,2.84,102.0,0.0,0.0,0.0,1.9,0.0,4.0,1.5,0.0,7.4
213,RB,Clyde Edwards-Helaire (31162618),Clyde Edwards-Helaire,31162618,RB/FLEX,4000,KC@LV 11/26/2023 04:25PM ET,KC,3.17,107.0,0.0,0.0,0.0,0.5,0.0,0.0,0.0,0.0,0.5
227,WR,Zay Jones (31162772),Zay Jones,31162772,WR/FLEX,3900,JAX@HOU 11/26/2023 01:00PM ET,JAX,8.45,167.0,0.0,0.0,0.0,0.0,0.0,1.0,1.0,0.0,2.0
228,WR,Wan'Dale Robinson (31162774),Wan'Dale Robinson,31162774,WR/FLEX,3800,NE@NYG 11/26/2023 01:00PM ET,NYG,7.18,232.0,0.0,0.0,0.0,0.0,0.0,4.0,2.6,0.0,6.6
229,DST,Browns  (31163292),Browns ,31163292,DST,3800,CLE@DEN 11/26/2023 04:05PM ET,CLE,10.4,,,,,,,,,,6.548387096774194
230,DST,Steelers  (31163293),Steelers ,31163293,DST,3700,PIT@CIN 11/26/2023 01:00PM ET,PIT,9.5,,,,,,,,,,8.114143920595534
231,WR,Elijah Moore (31162776),Elijah Moore,31162776,WR/FLEX,3700,CLE@DEN 11/26/2023 04:05PM ET,CLE,8.35,93.0,0.0,0.0,0.0,0.0,0.0,3.0,4.4,0.0,7.4
232,DST,Saints  (31163294),Saints ,31163294,DST,3600,NO@ATL 11/26/2023 01:00PM ET,NO,8.1,,,,,,,,,,8.972704714640198
233,WR,Rondale Moore (31162780),Rondale Moore,31162780,WR/FLEX,3600,LAR@ARI 11/26/2023 04:05PM ET,ARI,6.86,256.0,0.0,0.0,0.0,0.0,0.0,2.0,3.5,0.0,5.5
234,WR,Khalil Shakir (31162778),Khalil Shakir,31162778,WR/FLEX,3600,BUF@PHI 11/26/2023 04:25PM ET,BUF,6.66,272.0,0.0,0.0,0.0,0.0,0.0,3.0,4.7,0.0,7.7
235,WR,Darius Slayton (31162782),Darius Slayton,31162782,WR/FLEX,3500,NE@NYG 11/26/2023 01:00PM ET,NYG,7.08,233.0,0.0,0.0,0.0,0.0,0.0,2.0,1.6,0.0,3.6
236,DST,Giants  (31163295),Giants ,31163295,DST,3500,NE@NYG 11/26/2023 01:00PM ET,NYG,6.09,,,,,,,,,,7.103970223325061
237,TE,Tyler Higbee (31163092),Tyler Higbee,31163092,TE/FLEX,3500,LAR@ARI 11/26/2023 04:05PM ET,LAR,5.73,246.0,0.0,0.0,0.0,0.0,0.0,5.0,2.9000000000000004,12.0,19.9
239,DST,Colts  (31163297),Colts ,31163297,DST,3400,TB@IND 11/26/2023 01:00PM ET,IND,8.3,,,,,,,,,,5.900744416873449
242,DST,Titans  (31163296),Titans ,31163296,DST,3400,CAR@TEN 11/26/2023 01:00PM ET,TEN,5.0,,,,,,,,,,7.878411910669974
245,DST,Bengals  (31163300),Bengals ,31163300,DST,3300,PIT@CIN 11/26/2023 01:00PM ET,CIN,8.0,,,,,,,,,,6.637717121588088
246,DST,Buccaneers  (31163298),Buccaneers ,31163298,DST,3300,TB@IND 11/26/2023 01:00PM ET,TB,7.8,,,,,,,,,,4.225806451612903
247,WR,Jonathan Mingo (31162794),Jonathan Mingo,31162794,WR/FLEX,3300,CAR@TEN 11/26/2023 01:00PM ET,CAR,5.18,175.0,0.0,0.0,0.0,0.0,0.0,4.0,6.0,0.0,10.0
248,WR,Greg Dortch (31162792),Greg Dortch,31162792,WR/FLEX,3300,LAR@ARI 11/26/2023 04:05PM ET,ARI,1.48,255.0,0.0,0.0,0.0,0.0,0.0,3.0,2.7,6.0,11.7
250,WR,Julio Jones (31162790),Julio Jones,31162790,WR/FLEX,3300,BUF@PHI 11/26/2023 04:25PM ET,PHI,2.9,276.0,0.0,0.0,0.0,0.0,0.0,1.0,0.0,0.0,1.0
252,WR,A.T. Perry (31162806),A.T. Perry,31162806,WR/FLEX,3200,NO@ATL 11/26/2023 01:00PM ET,NO,3.93,204.0,0.0,0.0,0.0,0.0,0.0,1.0,0.7000000000000001,0.0,1.7000000000000002
253,WR,Trenton Irwin (31162798),Trenton Irwin,31162798,WR/FLEX,3200,PIT@CIN 11/26/2023 01:00PM ET,CIN,4.57,222.0,0.0,0.0,0.0,0.0,0.0,1.0,2.5,0.0,3.5
254,WR,Alec Pierce (31162800),Alec Pierce,31162800,WR/FLEX,3200,TB@IND 11/26/2023 01:00PM ET,IND,4.44,196.0,0.0,0.0,0.0,0.0,0.0,4.0,2.7,0.0,6.7
255,TE,Cade Otton (31163102),Cade Otton,31163102,TE/FLEX,3200,TB@IND 11/26/2023 01:00PM ET,TB,8.33,189.0,0.0,0.0,0.0,0.0,0.0,4.0,4.5,0.0,8.5
256,WR,Isaiah Hodgins (31162808),Isaiah Hodgins,31162808,WR/FLEX,3200,NE@NYG 11/26/2023 01:00PM ET,NYG,3.02,234.0,0.0,0.0,0.0,0.0,0.0,1.0,1.2000000000000002,6.0,8.2
257,DST,Patriots  (31163301),Patriots ,31163301,DST,3200,NE@NYG 11/26/2023 01:00PM ET,NE,5.1,,,,,,,,,,8.923076923076923
260,DST,Broncos  (31163299),Broncos ,31163299,DST,3200,CLE@DEN 11/26/2023 04:05PM ET,DEN,6.8,,,,,,,,,,8.94044665012407
261,WR,Marquez Valdes-Scantling (31162802),Marquez Valdes-Scantling,31162802,WR/FLEX,3200,KC@LV 11/26/2023 04:25PM ET,KC,4.39,262.0,0.0,0.0,0.0,0.0,0.0,1.0,-0.1,0.0,0.9
264,WR,Van Jefferson (31162814),Van Jefferson,31162814,WR/FLEX,3100,NO@ATL 11/26/2023 01:00PM ET,ATL,2.85,207.0,0.0,0.0,0.0,0.0,0.0,1.0,1.3,0.0,2.3
266,WR,Isaiah McKenzie (31162820),Isaiah McKenzie,31162820,WR/FLEX,3100,TB@IND 11/26/2023 01:00PM ET,IND,1.93,74.0,0.0,0.0,0.0,0.3,0.0,0.0,0.0,0.0,0.3
267,WR,Trey Palmer (31162826),Trey Palmer,31162826,WR/FLEX,3100,TB@IND 11/26/2023 01:00PM ET,TB,5.46,190.0,0.0,0.0,0.0,0.0,0.0,4.0,1.7000000000000002,0.0,5.7
268,WR,Chris Moore (31162818),Chris Moore,31162818,WR/FLEX,3100,CAR@TEN 11/26/2023 01:00PM ET,TEN,3.67,69.0,0.0,0.0,0.0,0.1,0.0,3.0,4.1000000000000005,0.0,7.200000000000001
270,DST,Panthers  (31163309),Panthers ,31163309,DST,3100,CAR@TEN 11/26/2023 01:00PM ET,CAR,4.5,,,,,,,,,,6.52605459057072
273,WR,Hunter Renfrow (31162824),Hunter Renfrow,31162824,WR/FLEX,3100,KC@LV 11/26/2023 04:25PM ET,LV,3.19,265.0,0.0,0.0,0.0,0.0,0.0,4.0,3.8,0.0,7.800000000000001
274,DST,Chiefs  (31163302),Chiefs ,31163302,DST,3100,KC@LV 11/26/2023 04:25PM ET,KC,8.9,,,,,,,,,,10.233250620347395
280,WR,Keith Kirkwood (31162990),Keith Kirkwood,31162990,WR/FLEX,3000,NO@ATL 11/26/2023 01:00PM ET,NO,0.16,202.0,0.0,0.0,0.0,0.0,0.0,2.0,2.0,0.0,4.0
282,TE,Juwan Johnson (31163108),Juwan Johnson,31163108,TE/FLEX,3000,NO@ATL 11/26/2023 01:00PM ET,NO,4.95,201.0,0.0,0.0,0.0,0.0,0.0,4.0,4.5,0.0,8.5
283,WR,Andrei Iosivas (31162868),Andrei Iosivas,31162868,WR/FLEX,3000,PIT@CIN 11/26/2023 01:00PM ET,CIN,2.03,223.0,0.0,0.0,0.0,0.0,0.0,1.0,1.6,0.0,2.6
296,WR,Xavier Hutchinson (31162856),Xavier Hutchinson,31162856,WR/FLEX,3000,JAX@HOU 11/26/2023 01:00PM ET,HOU,0.63,170.0,0.0,0.0,0.0,0.0,0.0,1.0,3.4000000000000004,0.0,4.4
309,DST,Jaguars  (31163304),Jaguars ,31163304,DST,3000,JAX@HOU 11/26/2023 01:00PM ET,JAX,8.0,,,,,,,,,,3.4119106699751853
320,WR,David Moore (31163046),David Moore,31163046,WR/FLEX,3000,TB@IND 11/26/2023 01:00PM ET,TB,0.0,193.0,0.0,0.0,0.0,0.0,0.0,0.0,0.0,0.0,0.0
321,WR,JuJu Smith-Schuster (31162830),JuJu Smith-Schuster,31162830,WR/FLEX,3000,NE@NYG 11/26/2023 01:00PM ET,NE,5.36,227.0,0.0,0.0,0.0,0.0,0.0,2.0,1.0,0.0,3.0
322,WR,DeVante Parker (31162972),DeVante Parker,31162972,WR/FLEX,3000,NE@NYG 11/26/2023 01:00PM ET,NE,4.4,226.0,0.0,0.0,0.0,0.0,0.0,3.0,4.2,0.0,7.2
323,WR,Kayshon Boutte (31162974),Kayshon Boutte,31162974,WR/FLEX,3000,NE@NYG 11/26/2023 01:00PM ET,NE,1.05,228.0,0.0,0.0,0.0,0.0,0.0,1.0,0.8,0.0,1.8
325,WR,Tyquan Thornton (31162978),Tyquan Thornton,31162978,WR/FLEX,3000,NE@NYG 11/26/2023 01:00PM ET,NE,1.5,87.0,0.0,0.0,0.0,0.3,0.0,2.0,1.9,0.0,4.2
330,WR,Jalin Hyatt (31162994),Jalin Hyatt,31162994,WR/FLEX,3000,NE@NYG 11/26/2023 01:00PM ET,NYG,3.1,231.0,0.0,0.0,0.0,0.0,0.0,5.0,13.9,0.0,18.9
331,WR,Parris Campbell (31162996),Parris Campbell,31162996,WR/FLEX,3000,NE@NYG 11/26/2023 01:00PM ET,NYG,2.69,236.0,0.0,0.0,0.0,0.0,0.0,1.0,-0.2,0.0,0.8
332,WR,Sterling Shepard (31162998),Sterling Shepard,31162998,WR/FLEX,3000,NE@NYG 11/26/2023 01:00PM ET,NYG,1.43,235.0,0.0,0.0,0.0,0.0,0.0,1.0,0.6000000000000001,0.0,1.6
337,WR,Kyle Philips (31162916),Kyle Philips,31162916,WR/FLEX,3000,CAR@TEN 11/26/2023 01:00PM ET,TEN,4.65,187.0,0.0,0.0,0.0,0.0,0.0,1.0,-0.3,0.0,0.7
345,WR,Ihmir Smith-Marsette (31163052),Ihmir Smith-Marsette,31163052,WR/FLEX,3000,CAR@TEN 11/26/2023 01:00PM ET,CAR,0.6,178.0,0.0,0.0,0.0,0.0,0.0,1.0,1.4,0.0,2.4000000000000004
350,WR,Demarcus Robinson (31162964),Demarcus Robinson,31162964,WR/FLEX,3000,LAR@ARI 11/26/2023 04:05PM ET,LAR,0.77,250.0,0.0,0.0,0.0,0.0,0.0,2.0,1.3,0.0,3.3
358,DST,Cardinals  (31163303),Cardinals ,31163303,DST,3000,LAR@ARI 11/26/2023 04:05PM ET,ARI,5.46,,,,,,,,,,4.038709677419355
359,WR,Cedric Tillman (31162880),Cedric Tillman,31162880,WR/FLEX,3000,CLE@DEN 11/26/2023 04:05PM ET,CLE,0.69,239.0,0.0,0.0,0.0,0.0,0.0,4.0,5.5,0.0,9.5
361,WR,David Bell (31162884),David Bell,31162884,WR/FLEX,3000,CLE@DEN 11/26/2023 04:05PM ET,CLE,0.91,241.0,0.0,0.0,0.0,0.0,0.0,0.0,0.0,0.0,0.0
368,WR,Lil'Jordan Humphrey (31162898),Lil'Jordan Humphrey,31162898,WR/FLEX,3000,CLE@DEN 11/26/2023 04:05PM ET,DEN,1.5,244.0,0.0,0.0,0.0,0.0,0.0,1.0,1.3,0.0,2.3
376,WR,Justin Watson (31162938),Justin Watson,31162938,WR/FLEX,3000,KC@LV 11/26/2023 04:25PM ET,KC,6.32,263.0,0.0,0.0,0.0,0.0,0.0,1.0,0.3,6.0,7.3
377,WR,Skyy Moore (31162940),Skyy Moore,31162940,WR/FLEX,3000,KC@LV 11/26/2023 04:25PM ET,KC,4.58,261.0,0.0,0.0,0.0,0.0,0.0,3.0,3.4000000000000004,0.0,6.4
384,WR,Tre Tucker (31162954),Tre Tucker,31162954,WR/FLEX,3000,KC@LV 11/26/2023 04:25PM ET,LV,3.04,268.0,0.0,0.0,0.0,0.0,0.0,0.0,0.0,0.0,0.0
389,WR,Olamide Zaccheaus (31162832),Olamide Zaccheaus,31162832,WR/FLEX,3000,BUF@PHI 11/26/2023 04:25PM ET,PHI,2.07,278.0,0.0,0.0,0.0,0.0,0.0,1.0,2.9000000000000004,6.0,9.9
390,WR,Trent Sherfield (31162842),Trent Sherfield,31162842,WR/FLEX,3000,BUF@PHI 11/26/2023 04:25PM ET,BUF,1.12,273.0,0.0,0.0,0.0,0.0,0.0,0.0,0.0,0.0,0.0
401,TE,Jack Stoll (31163110),Jack Stoll,31163110,TE/FLEX,3000,BUF@PHI 11/26/2023 04:25PM ET,PHI,0.43,277.0,0.0,0.0,0.0,0.0,0.0,1.0,1.4,0.0,2.4000000000000004
402,DST,Falcons  (31163306),Falcons ,31163306,DST,2900,NO@ATL 11/26/2023 01:00PM ET,ATL,5.2,,,,,,,,,,2.870967741935484
403,TE,Pat Freiermuth (31163116),Pat Freiermuth,31163116,TE/FLEX,2900,PIT@CIN 11/26/2023 01:00PM ET,PIT,5.4,210.0,0.0,0.0,0.0,0.0,0.0,9.0,15.0,0.0,24.0
404,TE,Daniel Bellinger (31163112),Daniel Bellinger,31163112,TE/FLEX,2900,NE@NYG 11/26/2023 01:00PM ET,NYG,2.34,237.0,0.0,0.0,0.0,0.0,0.0,1.0,0.8,0.0,1.8
405,DST,Eagles  (31163305),Eagles ,31163305,DST,2900,BUF@PHI 11/26/2023 04:25PM ET,PHI,7.4,,,,,,,,,,2.305210918114144
406,DST,Rams  (31163308),Rams ,31163308,DST,2800,LAR@ARI 11/26/2023 04:05PM ET,LAR,4.5,,,,,,,,,,4.913151364764268
407,TE,Michael Mayer (31163114),Michael Mayer,31163114,TE/FLEX,2800,KC@LV 11/26/2023 04:25PM ET,LV,4.58,266.0,0.0,0.0,0.0,0.0,0.0,2.0,2.7,0.0,4.7
408,DST,Raiders  (31163307),Raiders ,31163307,DST,2800,KC@LV 11/26/2023 04:25PM ET,LV,7.18,,,,,,,,,,1.813399503722084
409,TE,Tanner Hudson (31163120),Tanner Hudson,31163120,TE/FLEX,2700,PIT@CIN 11/26/2023 01:00PM ET,CIN,7.1,218.0,0.0,0.0,0.0,0.0,0.0,4.0,1.8,0.0,5.8
411,DST,Bills  (31163310),Bills ,31163310,DST,2700,BUF@PHI 11/26/2023 04:25PM ET,BUF,9.82,,,,,,,,,,9.65062034739454
413,DST,Texans  (31163311),Texans ,31163311,DST,2600,JAX@HOU 11/26/2023 01:00PM ET,HOU,6.9,,,,,,,,,,2.2431761786600495
414,TE,Kylen Granson (31163126),Kylen Granson,31163126,TE/FLEX,2600,TB@IND 11/26/2023 01:00PM ET,IND,5.06,199.0,0.0,0.0,0.0,0.0,0.0,0.0,0.0,0.0,0.0
415,TE,Tommy Tremble (31163128),Tommy Tremble,31163128,TE/FLEX,2600,CAR@TEN 11/26/2023 01:00PM ET,CAR,3.77,179.0,0.0,0.0,0.0,0.0,0.0,1.0,0.7000000000000001,0.0,1.7000000000000002
416,TE,Adam Trautman (31163124),Adam Trautman,31163124,TE/FLEX,2600,CLE@DEN 11/26/2023 04:05PM ET,DEN,3.27,245.0,0.0,0.0,0.0,0.0,0.0,1.0,0.8,6.0,7.8
426,TE,Drew Sample (31163152),Drew Sample,31163152,TE/FLEX,2500,PIT@CIN 11/26/2023 01:00PM ET,CIN,2.31,221.0,0.0,0.0,0.0,0.0,0.0,1.0,1.1,6.0,8.1
427,TE,Mitchell Wilcox (31163154),Mitchell Wilcox,31163154,TE/FLEX,2500,PIT@CIN 11/26/2023 01:00PM ET,CIN,0.52,224.0,0.0,0.0,0.0,0.0,0.0,1.0,0.1,0.0,1.1
430,TE,Connor Heyward (31163262),Connor Heyward,31163262,TE/FLEX,2500,PIT@CIN 11/26/2023 01:00PM ET,PIT,3.07,213.0,0.0,0.0,0.0,0.0,0.0,2.0,1.1,0.0,3.1
431,TE,Darnell Washington (31163264),Darnell Washington,31163264,TE/FLEX,2500,PIT@CIN 11/26/2023 01:00PM ET,PIT,0.71,215.0,0.0,0.0,0.0,0.0,0.0,1.0,1.0,0.0,2.0
433,TE,Brevin Jordan (31163144),Brevin Jordan,31163144,TE/FLEX,2500,JAX@HOU 11/26/2023 01:00PM ET,HOU,2.3,171.0,0.0,0.0,0.0,0.0,0.0,1.0,0.9,0.0,1.9
438,TE,Luke Farrell (31163286),Luke Farrell,31163286,TE/FLEX,2500,JAX@HOU 11/26/2023 01:00PM ET,JAX,1.26,166.0,0.0,0.0,0.0,0.0,0.0,3.0,5.5,0.0,8.5
442,TE,Mo Alie-Cox (31163184),Mo Alie-Cox,31163184,TE/FLEX,2500,TB@IND 11/26/2023 01:00PM ET,IND,1.82,198.0,0.0,0.0,0.0,0.0,0.0,1.0,3.0,0.0,4.0
443,TE,Will Mallory (31163186),Will Mallory,31163186,TE/FLEX,2500,TB@IND 11/26/2023 01:00PM ET,IND,2.04,197.0,0.0,0.0,0.0,0.0,0.0,2.0,2.9000000000000004,0.0,4.9
446,TE,Payne Durham (31163268),Payne Durham,31163268,TE/FLEX,2500,TB@IND 11/26/2023 01:00PM ET,TB,0.85,192.0,0.0,0.0,0.0,0.0,0.0,1.0,1.2000000000000002,0.0,2.2
450,TE,Mike Gesicki (31163222),Mike Gesicki,31163222,TE/FLEX,2500,NE@NYG 11/26/2023 01:00PM ET,NE,4.52,229.0,0.0,0.0,0.0,0.0,0.0,0.0,0.0,0.0,0.0
458,TE,Josh Whyle (31163174),Josh Whyle,31163174,TE/FLEX,2500,CAR@TEN 11/26/2023 01:00PM ET,TEN,2.19,186.0,0.0,0.0,0.0,0.0,0.0,1.0,1.1,0.0,2.1
462,TE,Ian Thomas (31163276),Ian Thomas,31163276,TE/FLEX,2500,CAR@TEN 11/26/2023 01:00PM ET,CAR,0.93,182.0,0.0,0.0,0.0,0.0,0.0,1.0,0.9,0.0,1.9
463,TE,Stephen Sullivan (31163278),Stephen Sullivan,31163278,TE/FLEX,2500,CAR@TEN 11/26/2023 01:00PM ET,CAR,3.02,180.0,0.0,0.0,0.0,0.0,0.0,1.0,1.3,0.0,2.3
467,TE,Davis Allen (31163214),Davis Allen,31163214,TE/FLEX,2500,LAR@ARI 11/26/2023 04:05PM ET,LAR,0.0,251.0,0.0,0.0,0.0,0.0,0.0,1.0,0.6000000000000001,0.0,1.6
472,TE,Elijah Higgins (31163256),Elijah Higgins,31163256,TE/FLEX,2500,LAR@ARI 11/26/2023 04:05PM ET,ARI,0.44,257.0,0.0,0.0,0.0,0.0,0.0,1.0,2.6,0.0,3.6
475,TE,Harrison Bryant (31163160),Harrison Bryant,31163160,TE/FLEX,2500,CLE@DEN 11/26/2023 04:05PM ET,CLE,1.18,92.0,0.0,0.0,0.0,0.0,0.0,1.0,0.2,6.0,7.2
482,TE,Noah Gray (31163192),Noah Gray,31163192,TE/FLEX,2500,KC@LV 11/26/2023 04:25PM ET,KC,4.55,260.0,0.0,0.0,0.0,0.0,0.0,3.0,3.0,0.0,6.0
488,TE,Austin Hooper (31163204),Austin Hooper,31163204,TE/FLEX,2500,KC@LV 11/26/2023 04:25PM ET,LV,2.5,267.0,0.0,0.0,0.0,0.0,0.0,1.0,1.4,0.0,2.4000000000000004
