,Position,Name + ID,Name,ID,Salary,Game Info,TeamAbbrev,Projected Points,Value
0,TE,Travis Kelce (25451888),Travis Kelce,25451888,7700,LAR@KC 11/27/2022 04:25PM ET,KC,21.5,2.792207792207792
1,TE,Mark Andrews (25451890),Mark Andrews,25451890,6500,BAL@JAX 11/27/2022 01:00PM ET,BAL,18.5,2.8461538461538463
2,TE,George Kittle (25451892),George Kittle,25451892,5300,NO@SF 11/27/2022 04:25PM ET,SF,12.5,2.3584905660377355
3,TE,Darren Waller (25451894),Darren Waller,25451894,4500,LV@SEA 11/27/2022 04:05PM ET,LV,0.0,0.0
4,TE,Gerald Everett (25451896),Gerald Everett,25451896,4400,LAC@ARI 11/27/2022 04:05PM ET,LAC,10.5,2.3863636363636367
5,TE,Kyle Pitts (25451898),Kyle Pitts,25451898,4300,ATL@WAS 11/27/2022 01:00PM ET,ATL,0.0,0.0
6,TE,Tyler Higbee (25451900),Tyler Higbee,25451900,4200,LAR@KC 11/27/2022 04:25PM ET,LAR,10.5,2.5
7,TE,Cole Kmet (25451902),Cole Kmet,25451902,3900,CHI@NYJ 11/27/2022 01:00PM ET,CHI,9.8,2.5128205128205128
8,TE,Greg Dulcich (25451904),Greg Dulcich,25451904,3700,DEN@CAR 11/27/2022 01:00PM ET,DEN,10.1,2.7297297297297294
9,TE,David Njoku (25451906),David Njoku,25451906,3600,TB@CLE 11/27/2022 01:00PM ET,CLE,10.0,2.7777777777777777
10,TE,Mike Gesicki (25451908),Mike Gesicki,25451908,3500,HOU@MIA 11/27/2022 01:00PM ET,MIA,9.1,2.6
11,TE,Foster Moreau (25451910),Foster Moreau,25451910,3400,LV@SEA 11/27/2022 04:05PM ET,LV,10.7,3.1470588235294117
12,TE,Juwan Johnson (25451912),Juwan Johnson,25451912,3400,NO@SF 11/27/2022 04:25PM ET,NO,9.3,2.735294117647059
13,TE,Cade Otton (25451914),Cade Otton,25451914,3300,TB@CLE 11/27/2022 01:00PM ET,TB,7.6,2.3030303030303028
14,TE,Hayden Hurst (25451916),Hayden Hurst,25451916,3300,CIN@TEN 11/27/2022 01:00PM ET,CIN,10.1,3.0606060606060606
15,TE,Evan Engram (25451918),Evan Engram,25451918,3200,BAL@JAX 11/27/2022 01:00PM ET,JAX,10.1,3.1562499999999996
16,TE,Noah Fant (25451920),Noah Fant,25451920,3200,LV@SEA 11/27/2022 04:05PM ET,SEA,8.9,2.7812500000000004
17,TE,Tyler Conklin (25451922),Tyler Conklin,25451922,3100,CHI@NYJ 11/27/2022 01:00PM ET,NYJ,9.8,3.1612903225806455
18,TE,Trey McBride (25451924),Trey McBride,25451924,3100,LAC@ARI 11/27/2022 04:05PM ET,ARI,7.6,2.4516129032258065
19,TE,Harrison Bryant (25451930),Harrison Bryant,25451930,3000,TB@CLE 11/27/2022 01:00PM ET,CLE,5.6,1.8666666666666667
20,TE,Austin Hooper (25451928),Austin Hooper,25451928,3000,CIN@TEN 11/27/2022 01:00PM ET,TEN,7.2,2.4000000000000004
21,TE,Logan Thomas (25451926),Logan Thomas,25451926,3000,ATL@WAS 11/27/2022 01:00PM ET,WAS,8.7,2.9
22,DST,49ers  (25452138),49ers,25452138,4000,NO@SF 11/27/2022 04:25PM ET,SF,3.9,0.975
23,DST,Dolphins  (25452139),Dolphins,25452139,3900,HOU@MIA 11/27/2022 01:00PM ET,MIA,4.1,1.0512820512820513
24,DST,Broncos  (25452140),Broncos,25452140,3800,DEN@CAR 11/27/2022 01:00PM ET,DEN,3.8,1.0
25,DST,Ravens  (25452141),Ravens,25452141,3700,BAL@JAX 11/27/2022 01:00PM ET,BAL,3.6,0.972972972972973
27,DST,Seahawks  (25452143),Seahawks,25452143,3500,LV@SEA 11/27/2022 04:05PM ET,SEA,3.3,0.9428571428571428
28,DST,Buccaneers  (25452144),Buccaneers,25452144,3400,TB@CLE 11/27/2022 01:00PM ET,TB,3.7,1.088235294117647
29,DST,Jets  (25452146),Jets,25452146,3300,CHI@NYJ 11/27/2022 01:00PM ET,NYJ,4.0,1.2121212121212122
30,DST,Chargers  (25452145),Chargers,25452145,3300,LAC@ARI 11/27/2022 04:05PM ET,LAC,2.9,0.8787878787878788
31,DST,Bears  (25452148),Bears,25452148,3200,CHI@NYJ 11/27/2022 01:00PM ET,CHI,3.3,1.03125
32,DST,Bengals  (25452147),Bengals,25452147,3200,CIN@TEN 11/27/2022 01:00PM ET,CIN,2.9,0.9062499999999999
33,DST,Titans  (25452149),Titans,25452149,3100,CIN@TEN 11/27/2022 01:00PM ET,TEN,3.1,1.0
34,DST,Panthers  (25452150),Panthers,25452150,3000,DEN@CAR 11/27/2022 01:00PM ET,CAR,3.5,1.1666666666666667
35,DST,Falcons  (25452151),Falcons,25452151,2900,ATL@WAS 11/27/2022 01:00PM ET,ATL,2.8,0.9655172413793103
36,DST,Chiefs  (25452152),Chiefs,25452152,2800,LAR@KC 11/27/2022 04:25PM ET,KC,4.1,1.4642857142857142
37,DST,Browns  (25452154),Browns,25452154,2700,TB@CLE 11/27/2022 01:00PM ET,CLE,2.5,0.9259259259259259
38,DST,Cardinals  (25452153),Cardinals,25452153,2700,LAC@ARI 11/27/2022 04:05PM ET,ARI,2.6,0.962962962962963
39,DST,Raiders  (25452155),Raiders,25452155,2600,LV@SEA 11/27/2022 04:05PM ET,LV,2.7,1.0384615384615385
40,DST,Jaguars  (25452156),Jaguars,25452156,2500,BAL@JAX 11/27/2022 01:00PM ET,JAX,2.8,1.1199999999999999
41,DST,Saints  (25452157),Saints,25452157,2400,NO@SF 11/27/2022 04:25PM ET,NO,2.8,1.1666666666666665
42,DST,Rams  (25452158),Rams,25452158,2300,LAR@KC 11/27/2022 04:25PM ET,LAR,2.7,1.173913043478261
43,DST,Texans  (25452159),Texans,25452159,2200,HOU@MIA 11/27/2022 01:00PM ET,HOU,2.0,0.9090909090909091
44,WR,Tyreek Hill (25451472),Tyreek Hill,25451472,8800,HOU@MIA 11/27/2022 01:00PM ET,MIA,26.9,3.0568181818181817
45,RB,Christian McCaffrey (25451196),Christian McCaffrey,25451196,8800,NO@SF 11/27/2022 04:25PM ET,SF,21.3,2.4204545454545454
46,WR,Davante Adams (25451474),Davante Adams,25451474,8600,LV@SEA 11/27/2022 04:05PM ET,LV,22.8,2.6511627906976742
47,RB,Austin Ekeler (25451198),Austin Ekeler,25451198,8500,LAC@ARI 11/27/2022 04:05PM ET,LAC,23.2,2.729411764705882
48,RB,Derrick Henry (25451200),Derrick Henry,25451200,8300,CIN@TEN 11/27/2022 01:00PM ET,TEN,20.5,2.469879518072289
49,QB,Patrick Mahomes (25451122),Patrick Mahomes,25451122,8200,LAR@KC 11/27/2022 04:25PM ET,KC,29.9,3.646341463414634
50,QB,Lamar Jackson (25451123),Lamar Jackson,25451123,8000,BAL@JAX 11/27/2022 01:00PM ET,BAL,23.5,2.9375
51,WR,Cooper Kupp (25451476),Cooper Kupp,25451476,8000,LAR@KC 11/27/2022 04:25PM ET,LAR,0.0,0.0
52,RB,Nick Chubb (25451202),Nick Chubb,25451202,7800,TB@CLE 11/27/2022 01:00PM ET,CLE,16.5,2.1153846153846154
53,WR,DeAndre Hopkins (25451478),DeAndre Hopkins,25451478,7700,LAC@ARI 11/27/2022 04:05PM ET,ARI,20.5,2.6623376623376624
54,RB,Josh Jacobs (25451204),Josh Jacobs,25451204,7700,LV@SEA 11/27/2022 04:05PM ET,LV,18.9,2.4545454545454546
55,WR,Ja'Marr Chase (25451480),Ja'Marr Chase,25451480,7600,CIN@TEN 11/27/2022 01:00PM ET,CIN,0.0,0.0
56,QB,Justin Fields (25451124),Justin Fields,25451124,7400,CHI@NYJ 11/27/2022 01:00PM ET,CHI,0.0,0.0
57,WR,Jaylen Waddle (25451482),Jaylen Waddle,25451482,7300,HOU@MIA 11/27/2022 01:00PM ET,MIA,18.1,2.4794520547945207
58,RB,Alvin Kamara (25451206),Alvin Kamara,25451206,7300,NO@SF 11/27/2022 04:25PM ET,NO,17.4,2.383561643835616
59,RB,Joe Mixon (25451208),Joe Mixon,25451208,7000,CIN@TEN 11/27/2022 01:00PM ET,CIN,0.0,0.0
60,QB,Justin Herbert (25451125),Justin Herbert,25451125,7000,LAC@ARI 11/27/2022 04:05PM ET,LAC,21.9,3.1285714285714286
61,QB,Tua Tagovailoa (25451126),Tua Tagovailoa,25451126,6900,HOU@MIA 11/27/2022 01:00PM ET,MIA,22.0,3.1884057971014492
62,WR,Tee Higgins (25451484),Tee Higgins,25451484,6900,CIN@TEN 11/27/2022 01:00PM ET,CIN,18.7,2.7101449275362315
63,RB,Kenneth Walker III (25451210),Kenneth Walker III,25451210,6900,LV@SEA 11/27/2022 04:05PM ET,SEA,19.4,2.8115942028985503
64,QB,Kyler Murray (25451127),Kyler Murray,25451127,6800,LAC@ARI 11/27/2022 04:05PM ET,ARI,22.0,3.235294117647059
65,WR,Deebo Samuel (25451486),Deebo Samuel,25451486,6800,NO@SF 11/27/2022 04:25PM ET,SF,16.6,2.4411764705882355
66,WR,Mike Evans (25451488),Mike Evans,25451488,6700,TB@CLE 11/27/2022 01:00PM ET,TB,17.0,2.5373134328358207
67,RB,Travis Etienne Jr. (25451212),Travis Etienne Jr.,25451212,6700,BAL@JAX 11/27/2022 01:00PM ET,JAX,17.5,2.611940298507463
68,QB,Joe Burrow (25451128),Joe Burrow,25451128,6700,CIN@TEN 11/27/2022 01:00PM ET,CIN,21.9,3.2686567164179103
69,RB,James Conner (25451214),James Conner,25451214,6600,LAC@ARI 11/27/2022 04:05PM ET,ARI,17.2,2.606060606060606
70,WR,Chris Olave (25451490),Chris Olave,25451490,6600,NO@SF 11/27/2022 04:25PM ET,NO,14.6,2.212121212121212
71,WR,Christian Kirk (25451492),Christian Kirk,25451492,6500,BAL@JAX 11/27/2022 01:00PM ET,JAX,14.9,2.2923076923076926
72,WR,DK Metcalf (25451494),DK Metcalf,25451494,6500,LV@SEA 11/27/2022 04:05PM ET,SEA,16.5,2.5384615384615383
73,WR,Amari Cooper (25451496),Amari Cooper,25451496,6400,TB@CLE 11/27/2022 01:00PM ET,CLE,16.0,2.5
74,RB,David Montgomery (25451216),David Montgomery,25451216,6400,CHI@NYJ 11/27/2022 01:00PM ET,CHI,14.5,2.265625
75,WR,Brandon Aiyuk (25451498),Brandon Aiyuk,25451498,6400,NO@SF 11/27/2022 04:25PM ET,SF,14.2,2.21875
76,WR,Mike Williams (25451500),Mike Williams,25451500,6300,LAC@ARI 11/27/2022 04:05PM ET,LAC,0.0,0.0
77,WR,Tyler Lockett (25451502),Tyler Lockett,25451502,6200,LV@SEA 11/27/2022 04:05PM ET,SEA,16.4,2.64516129032258
78,RB,Dameon Pierce (25451218),Dameon Pierce,25451218,6100,HOU@MIA 11/27/2022 01:00PM ET,HOU,15.3,2.5081967213114758
79,WR,Keenan Allen (25451504),Keenan Allen,25451504,6100,LAC@ARI 11/27/2022 04:05PM ET,LAC,16.8,2.754098360655738
80,WR,Chris Godwin (25451506),Chris Godwin,25451506,6000,TB@CLE 11/27/2022 01:00PM ET,TB,16.5,2.75
81,RB,Cordarrelle Patterson (25451220),Cordarrelle Patterson,25451220,6000,ATL@WAS 11/27/2022 01:00PM ET,ATL,11.5,1.9166666666666665
82,QB,Geno Smith (25451129),Geno Smith,25451129,6000,LV@SEA 11/27/2022 04:05PM ET,SEA,21.3,3.5500000000000003
83,RB,Jeff Wilson Jr. (25451222),Jeff Wilson Jr.,25451222,5900,HOU@MIA 11/27/2022 01:00PM ET,MIA,17.2,2.9152542372881354
84,WR,Tyler Boyd (25451508),Tyler Boyd,25451508,5900,CIN@TEN 11/27/2022 01:00PM ET,CIN,14.6,2.4745762711864403
85,QB,Tom Brady (25451130),Tom Brady,25451130,5800,TB@CLE 11/27/2022 01:00PM ET,TB,20.3,3.5
86,RB,Leonard Fournette (25451224),Leonard Fournette,25451224,5800,TB@CLE 11/27/2022 01:00PM ET,TB,0.0,0.0
87,WR,Terry McLaurin (25451510),Terry McLaurin,25451510,5800,ATL@WAS 11/27/2022 01:00PM ET,WAS,16.6,2.8620689655172415
88,WR,Jerry Jeudy (25451514),Jerry Jeudy,25451514,5700,DEN@CAR 11/27/2022 01:00PM ET,DEN,0.0,0.0
89,QB,Deshaun Watson (25451131),Deshaun Watson,25451131,5700,TB@CLE 11/27/2022 01:00PM ET,CLE,0.0,0.0
90,RB,Kenyan Drake (25451228),Kenyan Drake,25451228,5700,BAL@JAX 11/27/2022 01:00PM ET,BAL,8.0,1.4035087719298245
91,RB,Raheem Mostert (25451226),Raheem Mostert,25451226,5700,HOU@MIA 11/27/2022 01:00PM ET,MIA,0.0,0.0
92,QB,Derek Carr (25451132),Derek Carr,25451132,5700,LV@SEA 11/27/2022 04:05PM ET,LV,17.4,3.052631578947368
93,WR,JuJu Smith-Schuster (25451512),JuJu Smith-Schuster,25451512,5700,LAR@KC 11/27/2022 04:25PM ET,KC,15.5,2.719298245614035
94,WR,Courtland Sutton (25451516),Courtland Sutton,25451516,5600,DEN@CAR 11/27/2022 01:00PM ET,DEN,14.2,2.5357142857142856
95,RB,Gus Edwards (25451232),Gus Edwards,25451232,5600,BAL@JAX 11/27/2022 01:00PM ET,BAL,9.8,1.75
96,RB,Samaje Perine (25451230),Samaje Perine,25451230,5600,CIN@TEN 11/27/2022 01:00PM ET,CIN,14.7,2.6249999999999996
97,QB,Jimmy Garoppolo (25451133),Jimmy Garoppolo,25451133,5600,NO@SF 11/27/2022 04:25PM ET,SF,19.1,3.410714285714286
98,RB,D'Onta Foreman (25451236),D'Onta Foreman,25451236,5500,DEN@CAR 11/27/2022 01:00PM ET,CAR,11.1,2.018181818181818
99,QB,Trevor Lawrence (25451134),Trevor Lawrence,25451134,5500,BAL@JAX 11/27/2022 01:00PM ET,JAX,19.0,3.4545454545454546
100,QB,Marcus Mariota (25451135),Marcus Mariota,25451135,5500,ATL@WAS 11/27/2022 01:00PM ET,ATL,17.4,3.163636363636363
101,RB,Isiah Pacheco (25451234),Isiah Pacheco,25451234,5500,LAR@KC 11/27/2022 04:25PM ET,KC,11.8,2.1454545454545455
102,WR,Allen Robinson II (25451518),Allen Robinson II,25451518,5500,LAR@KC 11/27/2022 04:25PM ET,LAR,0.0,0.0
103,QB,Russell Wilson (25451137),Russell Wilson,25451137,5400,DEN@CAR 11/27/2022 01:00PM ET,DEN,17.6,3.2592592592592595
104,QB,Jacoby Brissett (25451136),Jacoby Brissett,25451136,5400,TB@CLE 11/27/2022 01:00PM ET,CLE,16.7,3.0925925925925926
105,RB,Michael Carter (25451240),Michael Carter,25451240,5400,CHI@NYJ 11/27/2022 01:00PM ET,NYJ,15.3,2.8333333333333335
106,QB,Ryan Tannehill (25451138),Ryan Tannehill,25451138,5400,CIN@TEN 11/27/2022 01:00PM ET,TEN,16.3,3.0185185185185186
107,RB,Antonio Gibson (25451238),Antonio Gibson,25451238,5400,ATL@WAS 11/27/2022 01:00PM ET,WAS,14.8,2.740740740740741
108,WR,Joshua Palmer (25451522),Joshua Palmer,25451522,5400,LAC@ARI 11/27/2022 04:05PM ET,LAC,13.6,2.5185185185185186
110,QB,Taylor Heinicke (25451140),Taylor Heinicke,25451140,5300,ATL@WAS 11/27/2022 01:00PM ET,WAS,18.0,3.3962264150943398
111,WR,Marquise Brown (25451520),Marquise Brown,25451520,5300,LAC@ARI 11/27/2022 04:05PM ET,ARI,12.0,2.2641509433962264
112,QB,Matthew Stafford (25451139),Matthew Stafford,25451139,5300,LAR@KC 11/27/2022 04:25PM ET,LAR,0.0,0.0
113,QB,Andy Dalton (25451141),Andy Dalton,25451141,5300,NO@SF 11/27/2022 04:25PM ET,NO,14.4,2.716981132075472
114,QB,Davis Mills (25451144),Davis Mills,25451144,5200,HOU@MIA 11/27/2022 01:00PM ET,HOU,1.1,0.21153846153846154
115,WR,Brandin Cooks (25451524),Brandin Cooks,25451524,5200,HOU@MIA 11/27/2022 01:00PM ET,HOU,11.3,2.1730769230769234
116,RB,James Robinson (25451244),James Robinson,25451244,5200,CHI@NYJ 11/27/2022 01:00PM ET,NYJ,0.0,0.0
117,QB,Carson Wentz (25451142),Carson Wentz,25451142,5200,ATL@WAS 11/27/2022 01:00PM ET,WAS,0.3,0.05769230769230769
118,QB,Jameis Winston (25451143),Jameis Winston,25451143,5200,NO@SF 11/27/2022 04:25PM ET,NO,1.2,0.23076923076923075
119,RB,Rachaad White (25451246),Rachaad White,25451246,5100,TB@CLE 11/27/2022 01:00PM ET,TB,16.2,3.176470588235294
120,WR,Darnell Mooney (25451526),Darnell Mooney,25451526,5100,CHI@NYJ 11/27/2022 01:00PM ET,CHI,11.8,2.3137254901960786
121,QB,Desmond Ridder (25451145),Desmond Ridder,25451145,5100,ATL@WAS 11/27/2022 01:00PM ET,ATL,0.3,0.0588235294117647
123,QB,Colt McCoy (25451146),Colt McCoy,25451146,5100,LAC@ARI 11/27/2022 04:05PM ET,ARI,1.1,0.21568627450980396
124,WR,Rondale Moore (25451528),Rondale Moore,25451528,5100,LAC@ARI 11/27/2022 04:05PM ET,ARI,0.0,0.0
125,RB,Latavius Murray (25451250),Latavius Murray,25451250,5000,DEN@CAR 11/27/2022 01:00PM ET,DEN,14.9,2.98
126,WR,DJ Moore (25451530),DJ Moore,25451530,5000,DEN@CAR 11/27/2022 01:00PM ET,CAR,12.7,2.5399999999999996
127,QB,Tyler Huntley (25451147),Tyler Huntley,25451147,5000,BAL@JAX 11/27/2022 01:00PM ET,BAL,0.5,0.1
128,QB,Zach Wilson (25451150),Zach Wilson,25451150,5000,CHI@NYJ 11/27/2022 01:00PM ET,NYJ,0.0,0.0
129,QB,Malik Willis (25451148),Malik Willis,25451148,5000,CIN@TEN 11/27/2022 01:00PM ET,TEN,0.4,0.08
130,WR,Curtis Samuel (25451532),Curtis Samuel,25451532,5000,ATL@WAS 11/27/2022 01:00PM ET,WAS,11.6,2.32
131,QB,John Wolford (25451149),John Wolford,25451149,5000,LAR@KC 11/27/2022 04:25PM ET,LAR,6.9,1.3800000000000001
132,QB,Chad Henne (25451151),Chad Henne,25451151,5000,LAR@KC 11/27/2022 04:25PM ET,KC,0.4,0.08
133,QB,Bryce Perkins (25451152),Bryce Perkins,25451152,5000,LAR@KC 11/27/2022 04:25PM ET,LAR,14.0,2.8
134,RB,Mark Ingram II (25451252),Mark Ingram II,25451252,5000,NO@SF 11/27/2022 04:25PM ET,NO,3.7,0.74
135,RB,Darrell Henderson Jr. (25451258),Darrell Henderson Jr.,25451258,4900,BAL@JAX 11/27/2022 01:00PM ET,JAX,0.0,0.0
136,QB,Baker Mayfield (25451153),Baker Mayfield,25451153,4900,DEN@CAR 11/27/2022 01:00PM ET,CAR,0.3,0.061224489795918366
137,QB,Sam Darnold (25451159),Sam Darnold,25451159,4900,DEN@CAR 11/27/2022 01:00PM ET,CAR,13.7,2.7959183673469385
138,QB,Joshua Dobbs (25451160),Joshua Dobbs,25451160,4900,TB@CLE 11/27/2022 01:00PM ET,CLE,0.0,0.0
139,RB,Kareem Hunt (25451256),Kareem Hunt,25451256,4900,TB@CLE 11/27/2022 01:00PM ET,CLE,10.2,2.0816326530612246
140,QB,Teddy Bridgewater (25451154),Teddy Bridgewater,25451154,4900,HOU@MIA 11/27/2022 01:00PM ET,MIA,0.0,0.0
141,QB,Skylar Thompson (25451155),Skylar Thompson,25451155,4900,HOU@MIA 11/27/2022 01:00PM ET,MIA,0.2,0.04081632653061224
142,QB,Mike White (25451162),Mike White,25451162,4900,CHI@NYJ 11/27/2022 01:00PM ET,NYJ,15.2,3.1020408163265305
143,QB,Joe Flacco (25451163),Joe Flacco,25451163,4900,CHI@NYJ 11/27/2022 01:00PM ET,NYJ,1.8,0.3673469387755102
144,QB,Trevor Siemian (25451164),Trevor Siemian,25451164,4900,CHI@NYJ 11/27/2022 01:00PM ET,CHI,11.3,2.306122448979592
145,QB,Brandon Allen (25451158),Brandon Allen,25451158,4900,CIN@TEN 11/27/2022 01:00PM ET,CIN,0.4,0.08163265306122448
146,RB,Tyler Allgeier (25451262),Tyler Allgeier,25451262,4900,ATL@WAS 11/27/2022 01:00PM ET,ATL,8.4,1.7142857142857144
147,WR,Drake London (25451536),Drake London,25451536,4900,ATL@WAS 11/27/2022 01:00PM ET,ATL,10.9,2.2244897959183674
148,QB,Drew Lock (25451157),Drew Lock,25451157,4900,LV@SEA 11/27/2022 04:05PM ET,SEA,0.4,0.08163265306122448
149,QB,Jarrett Stidham (25451161),Jarrett Stidham,25451161,4900,LV@SEA 11/27/2022 04:05PM ET,LV,0.4,0.08163265306122448
150,RB,Kyren Williams (25451260),Kyren Williams,25451260,4900,LAR@KC 11/27/2022 04:25PM ET,LAR,8.5,1.7346938775510203
151,RB,Cam Akers (25451264),Cam Akers,25451264,4900,LAR@KC 11/27/2022 04:25PM ET,LAR,9.6,1.9591836734693877
152,WR,Kadarius Toney (25451534),Kadarius Toney,25451534,4900,LAR@KC 11/27/2022 04:25PM ET,KC,0.0,0.0
153,QB,Brock Purdy (25451156),Brock Purdy,25451156,4900,NO@SF 11/27/2022 04:25PM ET,SF,0.3,0.061224489795918366
154,RB,Elijah Mitchell (25451254),Elijah Mitchell,25451254,4900,NO@SF 11/27/2022 04:25PM ET,SF,9.0,1.8367346938775508
155,QB,Brett Rypien (25451167),Brett Rypien,25451167,4800,DEN@CAR 11/27/2022 01:00PM ET,DEN,0.4,0.08333333333333334
156,QB,Blaine Gabbert (25451166),Blaine Gabbert,25451166,4800,TB@CLE 11/27/2022 01:00PM ET,TB,0.2,0.04166666666666667
157,WR,Donovan Peoples-Jones (25451538),Donovan Peoples-Jones,25451538,4800,TB@CLE 11/27/2022 01:00PM ET,CLE,11.0,2.2916666666666665
158,QB,C.J. Beathard (25451168),C.J. Beathard,25451168,4800,BAL@JAX 11/27/2022 01:00PM ET,JAX,0.4,0.08333333333333334
159,QB,Kyle Allen (25451170),Kyle Allen,25451170,4800,HOU@MIA 11/27/2022 01:00PM ET,HOU,14.9,3.1041666666666665
160,QB,Nathan Peterman (25451171),Nathan Peterman,25451171,4800,CHI@NYJ 11/27/2022 01:00PM ET,CHI,0.0,0.0
161,RB,Dontrell Hilliard (25451266),Dontrell Hilliard,25451266,4800,CIN@TEN 11/27/2022 01:00PM ET,TEN,6.8,1.4166666666666665
162,QB,Sam Howell (25451165),Sam Howell,25451165,4800,ATL@WAS 11/27/2022 01:00PM ET,WAS,0.0,0.0
163,RB,Keaontay Ingram (25451268),Keaontay Ingram,25451268,4800,LAC@ARI 11/27/2022 04:05PM ET,ARI,4.5,0.9375
164,QB,Taysom Hill (25451169),Taysom Hill,25451169,4800,NO@SF 11/27/2022 04:25PM ET,NO,11.0,2.2916666666666665
166,RB,Chuba Hubbard (25451270),Chuba Hubbard,25451270,4700,DEN@CAR 11/27/2022 01:00PM ET,CAR,6.1,1.2978723404255317
167,WR,Devin Duvernay (25451542),Devin Duvernay,25451542,4700,BAL@JAX 11/27/2022 01:00PM ET,BAL,11.0,2.3404255319148937
168,WR,Robert Woods (25451540),Robert Woods,25451540,4700,CIN@TEN 11/27/2022 01:00PM ET,TEN,10.0,2.127659574468085
169,RB,Jerick McKinnon (25451272),Jerick McKinnon,25451272,4700,LAR@KC 11/27/2022 04:25PM ET,KC,10.2,2.1702127659574466
170,WR,Zay Jones (25451544),Zay Jones,25451544,4600,BAL@JAX 11/27/2022 01:00PM ET,JAX,11.1,2.4130434782608696
171,RB,Eno Benjamin (25451274),Eno Benjamin,25451274,4600,HOU@MIA 11/27/2022 01:00PM ET,HOU,0.0,0.0
172,RB,Travis Homer (25451276),Travis Homer,25451276,4600,LV@SEA 11/27/2022 04:05PM ET,SEA,4.2,0.9130434782608696
173,RB,Ameer Abdullah (25451278),Ameer Abdullah,25451278,4600,LV@SEA 11/27/2022 04:05PM ET,LV,4.3,0.9347826086956521
174,RB,Clyde Edwards-Helaire (25451280),Clyde Edwards-Helaire,25451280,4600,LAR@KC 11/27/2022 04:25PM ET,KC,0.0,0.0
175,RB,Rex Burkhead (25451284),Rex Burkhead,25451284,4500,HOU@MIA 11/27/2022 01:00PM ET,HOU,4.9,1.088888888888889
176,RB,Corey Clement (25451282),Corey Clement,25451282,4500,LAC@ARI 11/27/2022 04:05PM ET,ARI,0.7,0.15555555555555553
177,WR,Van Jefferson (25451546),Van Jefferson,25451546,4500,LAR@KC 11/27/2022 04:25PM ET,LAR,10.5,2.3333333333333335
178,WR,Mecole Hardman (25451548),Mecole Hardman,25451548,4500,LAR@KC 11/27/2022 04:25PM ET,KC,0.0,0.0
179,RB,Justice Hill (25451286),Justice Hill,25451286,4400,BAL@JAX 11/27/2022 01:00PM ET,BAL,3.9,0.8863636363636364
180,WR,Mack Hollins (25451550),Mack Hollins,25451550,4400,LV@SEA 11/27/2022 04:05PM ET,LV,10.7,2.4318181818181817
181,WR,Jarvis Landry (25451552),Jarvis Landry,25451552,4400,NO@SF 11/27/2022 04:25PM ET,NO,10.8,2.454545454545455
182,RB,Chase Edmonds (25451288),Chase Edmonds,25451288,4300,DEN@CAR 11/27/2022 01:00PM ET,DEN,0.0,0.0
183,RB,JaMycal Hasty (25451290),JaMycal Hasty,25451290,4300,BAL@JAX 11/27/2022 01:00PM ET,JAX,3.9,0.9069767441860466
184,WR,Demarcus Robinson (25451554),Demarcus Robinson,25451554,4300,BAL@JAX 11/27/2022 01:00PM ET,BAL,10.4,2.4186046511627906
185,RB,Trestan Ebner (25451292),Trestan Ebner,25451292,4300,CHI@NYJ 11/27/2022 01:00PM ET,CHI,4.2,0.9767441860465116
186,WR,Garrett Wilson (25451556),Garrett Wilson,25451556,4300,CHI@NYJ 11/27/2022 01:00PM ET,NYJ,14.0,3.255813953488372
187,RB,Raheem Blackshear (25451296),Raheem Blackshear,25451296,4200,DEN@CAR 11/27/2022 01:00PM ET,CAR,3.6,0.8571428571428572
188,WR,Corey Davis (25451562),Corey Davis,25451562,4200,CHI@NYJ 11/27/2022 01:00PM ET,NYJ,10.9,2.5952380952380953
189,WR,Treylon Burks (25451558),Treylon Burks,25451558,4200,CIN@TEN 11/27/2022 01:00PM ET,TEN,11.2,2.6666666666666665
190,RB,Sony Michel (25451294),Sony Michel,25451294,4200,LAC@ARI 11/27/2022 04:05PM ET,LAC,0.0,0.0
191,WR,Hunter Renfrow (25451560),Hunter Renfrow,25451560,4200,LV@SEA 11/27/2022 04:05PM ET,LV,0.0,0.0
192,WR,Marvin Jones Jr. (25451564),Marvin Jones Jr.,25451564,4100,BAL@JAX 11/27/2022 01:00PM ET,JAX,9.9,2.4146341463414633
193,WR,Nico Collins (25451566),Nico Collins,25451566,4100,HOU@MIA 11/27/2022 01:00PM ET,HOU,10.5,2.5609756097560976
194,RB,Ty Johnson (25451304),Ty Johnson,25451304,4100,CHI@NYJ 11/27/2022 01:00PM ET,NYJ,4.5,1.0975609756097562
195,QB,Chase Daniel (25451173),Chase Daniel,25451173,4100,LAC@ARI 11/27/2022 04:05PM ET,LAC,0.4,0.0975609756097561
196,RB,Isaiah Spiller (25451300),Isaiah Spiller,25451300,4100,LAC@ARI 11/27/2022 04:05PM ET,LAC,4.0,0.975609756097561
197,RB,Tyrion Davis-Price (25451298),Tyrion Davis-Price,25451298,4100,NO@SF 11/27/2022 04:25PM ET,SF,0.0,0.0
198,RB,Dwayne Washington (25451302),Dwayne Washington,25451302,4100,NO@SF 11/27/2022 04:25PM ET,NO,0.6,0.14634146341463414
199,QB,Josh Johnson (25451183),Josh Johnson,25451183,4000,DEN@CAR 11/27/2022 01:00PM ET,DEN,0.0,0.0
200,QB,Josh Johnson (25451183),Josh Johnson,25451183,4000,DEN@CAR 11/27/2022 01:00PM ET,DEN,0.0,0.0
201,QB,Matt Corral (25451185),Matt Corral,25451185,4000,DEN@CAR 11/27/2022 01:00PM ET,CAR,0.0,0.0
203,RB,Mike Boone (25451368),Mike Boone,25451368,4000,DEN@CAR 11/27/2022 01:00PM ET,DEN,0.0,0.0
204,RB,Marlon Mack (25451376),Marlon Mack,25451376,4000,DEN@CAR 11/27/2022 01:00PM ET,DEN,5.1,1.275
205,RB,Javonte Williams (25451378),Javonte Williams,25451378,4000,DEN@CAR 11/27/2022 01:00PM ET,DEN,0.0,0.0
206,RB,Damarea Crockett (25451380),Damarea Crockett,25451380,4000,DEN@CAR 11/27/2022 01:00PM ET,DEN,0.0,0.0
207,RB,Devine Ozigbo (25451382),Devine Ozigbo,25451382,4000,DEN@CAR 11/27/2022 01:00PM ET,DEN,0.0,0.0
208,RB,Spencer Brown (25451392),Spencer Brown,25451392,4000,DEN@CAR 11/27/2022 01:00PM ET,CAR,0.1,0.025
209,RB,Nate McCrary (25451394),Nate McCrary,25451394,4000,DEN@CAR 11/27/2022 01:00PM ET,CAR,0.0,0.0
210,QB,Kyle Trask (25451180),Kyle Trask,25451180,4000,TB@CLE 11/27/2022 01:00PM ET,TB,0.0,0.0
211,QB,Ryan Griffin (25451181),Ryan Griffin,25451181,4000,TB@CLE 11/27/2022 01:00PM ET,TB,0.9,0.225
212,QB,Ryan Griffin (25451181),Ryan Griffin,25451181,4000,TB@CLE 11/27/2022 01:00PM ET,TB,0.0,0.0
213,QB,Kellen Mond (25451188),Kellen Mond,25451188,4000,TB@CLE 11/27/2022 01:00PM ET,CLE,0.0,0.0
214,RB,Ke'Shawn Vaughn (25451362),Ke'Shawn Vaughn,25451362,4000,TB@CLE 11/27/2022 01:00PM ET,TB,4.3,1.075
215,RB,Giovani Bernard (25451364),Giovani Bernard,25451364,4000,TB@CLE 11/27/2022 01:00PM ET,TB,4.6,1.15
216,RB,Patrick Laird (25451366),Patrick Laird,25451366,4000,TB@CLE 11/27/2022 01:00PM ET,TB,0.0,0.0
217,RB,D'Ernest Johnson (25451410),D'Ernest Johnson,25451410,4000,TB@CLE 11/27/2022 01:00PM ET,CLE,1.3,0.325
218,RB,Jerome Ford (25451412),Jerome Ford,25451412,4000,TB@CLE 11/27/2022 01:00PM ET,CLE,1.3,0.325
220,RB,John Kelly Jr. (25451416),John Kelly Jr.,25451416,4000,TB@CLE 11/27/2022 01:00PM ET,CLE,0.0,0.0
221,WR,Julio Jones (25451568),Julio Jones,25451568,4000,TB@CLE 11/27/2022 01:00PM ET,TB,10.7,2.675
222,WR,Russell Gage (25451574),Russell Gage,25451574,4000,TB@CLE 11/27/2022 01:00PM ET,TB,0.0,0.0
223,QB,Anthony Brown (25451176),Anthony Brown,25451176,4000,BAL@JAX 11/27/2022 01:00PM ET,BAL,0.0,0.0
224,QB,E.J. Perry (25451190),E.J. Perry,25451190,4000,BAL@JAX 11/27/2022 01:00PM ET,JAX,0.0,0.0
225,RB,Mike Davis (25451324),Mike Davis,25451324,4000,BAL@JAX 11/27/2022 01:00PM ET,BAL,0.0,0.0
226,RB,J.K. Dobbins (25451326),J.K. Dobbins,25451326,4000,BAL@JAX 11/27/2022 01:00PM ET,BAL,0.0,0.0
227,RB,Tyler Badie (25451328),Tyler Badie,25451328,4000,BAL@JAX 11/27/2022 01:00PM ET,BAL,0.0,0.0
228,RB,Patrick Ricard (25451330),Patrick Ricard,25451330,4000,BAL@JAX 11/27/2022 01:00PM ET,BAL,1.7,0.425
230,RB,Ben Mason (25451334),Ben Mason,25451334,4000,BAL@JAX 11/27/2022 01:00PM ET,BAL,0.0,0.0
231,RB,Snoop Conner (25451432),Snoop Conner,25451432,4000,BAL@JAX 11/27/2022 01:00PM ET,JAX,0.8,0.2
232,RB,Mekhi Sargent (25451434),Mekhi Sargent,25451434,4000,BAL@JAX 11/27/2022 01:00PM ET,JAX,0.0,0.0
233,QB,Jeff Driskel (25451192),Jeff Driskel,25451192,4000,HOU@MIA 11/27/2022 01:00PM ET,HOU,0.0,0.0
234,RB,Salvon Ahmed (25451306),Salvon Ahmed,25451306,4000,HOU@MIA 11/27/2022 01:00PM ET,MIA,4.0,1.0
235,RB,Myles Gaskin (25451308),Myles Gaskin,25451308,4000,HOU@MIA 11/27/2022 01:00PM ET,MIA,4.2,1.05
236,RB,Jake Bargas (25451310),Jake Bargas,25451310,4000,HOU@MIA 11/27/2022 01:00PM ET,MIA,0.0,0.0
237,RB,John Lovett (25451312),John Lovett,25451312,4000,HOU@MIA 11/27/2022 01:00PM ET,MIA,0.0,0.0
238,RB,La'Mical Perine (25451314),La'Mical Perine,25451314,4000,HOU@MIA 11/27/2022 01:00PM ET,MIA,0.0,0.0
239,RB,Alec Ingold (25451316),Alec Ingold,25451316,4000,HOU@MIA 11/27/2022 01:00PM ET,MIA,3.1,0.775
240,RB,Dare Ogunbowale (25451442),Dare Ogunbowale,25451442,4000,HOU@MIA 11/27/2022 01:00PM ET,HOU,1.7,0.425
241,RB,Darius Anderson (25451444),Darius Anderson,25451444,4000,HOU@MIA 11/27/2022 01:00PM ET,HOU,0.0,0.0
242,RB,Troy Hairston (25451446),Troy Hairston,25451446,4000,HOU@MIA 11/27/2022 01:00PM ET,HOU,0.5,0.125
243,RB,Royce Freeman (25451448),Royce Freeman,25451448,4000,HOU@MIA 11/27/2022 01:00PM ET,HOU,0.0,0.0
244,QB,Chris Streveler (25451195),Chris Streveler,25451195,4000,CHI@NYJ 11/27/2022 01:00PM ET,NYJ,0.0,0.0
245,RB,Khalil Herbert (25451450),Khalil Herbert,25451450,4000,CHI@NYJ 11/27/2022 01:00PM ET,CHI,0.0,0.0
246,RB,Zonovan Knight (25451462),Zonovan Knight,25451462,4000,CHI@NYJ 11/27/2022 01:00PM ET,NYJ,1.6,0.4
247,RB,Breece Hall (25451464),Breece Hall,25451464,4000,CHI@NYJ 11/27/2022 01:00PM ET,NYJ,0.0,0.0
248,RB,Nick Bawden (25451466),Nick Bawden,25451466,4000,CHI@NYJ 11/27/2022 01:00PM ET,NYJ,0.0,0.0
249,RB,Darrynton Evans (25451468),Darrynton Evans,25451468,4000,CHI@NYJ 11/27/2022 01:00PM ET,CHI,1.0,0.25
250,RB,Khari Blasingame (25451470),Khari Blasingame,25451470,4000,CHI@NYJ 11/27/2022 01:00PM ET,CHI,0.2,0.05
251,QB,Jake Browning (25451182),Jake Browning,25451182,4000,CIN@TEN 11/27/2022 01:00PM ET,CIN,0.0,0.0
252,QB,Logan Woodside (25451184),Logan Woodside,25451184,4000,CIN@TEN 11/27/2022 01:00PM ET,TEN,0.0,0.0
253,RB,Chris Evans (25451370),Chris Evans,25451370,4000,CIN@TEN 11/27/2022 01:00PM ET,CIN,4.4,1.1
254,RB,Trayveon Williams (25451372),Trayveon Williams,25451372,4000,CIN@TEN 11/27/2022 01:00PM ET,CIN,3.1,0.775
255,RB,Elijah Holyfield (25451374),Elijah Holyfield,25451374,4000,CIN@TEN 11/27/2022 01:00PM ET,CIN,0.0,0.0
256,RB,Hassan Haskins (25451384),Hassan Haskins,25451384,4000,CIN@TEN 11/27/2022 01:00PM ET,TEN,1.0,0.25
257,RB,Trenton Cannon (25451386),Trenton Cannon,25451386,4000,CIN@TEN 11/27/2022 01:00PM ET,TEN,0.0,0.0
258,RB,Tory Carter (25451388),Tory Carter,25451388,4000,CIN@TEN 11/27/2022 01:00PM ET,TEN,1.0,0.25
259,RB,Julius Chestnut (25451390),Julius Chestnut,25451390,4000,CIN@TEN 11/27/2022 01:00PM ET,TEN,0.0,0.0
260,QB,Jake Fromm (25451179),Jake Fromm,25451179,4000,ATL@WAS 11/27/2022 01:00PM ET,WAS,0.0,0.0
261,RB,J.D. McKissic (25451348),J.D. McKissic,25451348,4000,ATL@WAS 11/27/2022 01:00PM ET,WAS,0.0,0.0
262,RB,Jonathan Williams (25451356),Jonathan Williams,25451356,4000,ATL@WAS 11/27/2022 01:00PM ET,WAS,2.1,0.525
263,RB,Alex Armah (25451358),Alex Armah,25451358,4000,ATL@WAS 11/27/2022 01:00PM ET,WAS,0.0,0.0
264,RB,Jaret Patterson (25451360),Jaret Patterson,25451360,4000,ATL@WAS 11/27/2022 01:00PM ET,WAS,0.2,0.05
265,RB,Avery Williams (25451402),Avery Williams,25451402,4000,ATL@WAS 11/27/2022 01:00PM ET,ATL,0.9,0.225
266,RB,Damien Williams (25451404),Damien Williams,25451404,4000,ATL@WAS 11/27/2022 01:00PM ET,ATL,0.0,0.0
267,RB,Keith Smith (25451406),Keith Smith,25451406,4000,ATL@WAS 11/27/2022 01:00PM ET,ATL,0.2,0.05
269,RB,Caleb Huntley (25451418),Caleb Huntley,25451418,4000,ATL@WAS 11/27/2022 01:00PM ET,ATL,3.2,0.8
270,WR,Jahan Dotson (25451572),Jahan Dotson,25451572,4000,ATL@WAS 11/27/2022 01:00PM ET,WAS,9.7,2.425
271,QB,Easton Stick (25451178),Easton Stick,25451178,4000,LAC@ARI 11/27/2022 04:05PM ET,LAC,0.0,0.0
272,QB,Trace McSorley (25451187),Trace McSorley,25451187,4000,LAC@ARI 11/27/2022 04:05PM ET,ARI,0.0,0.0
274,RB,Joshua Kelley (25451352),Joshua Kelley,25451352,4000,LAC@ARI 11/27/2022 04:05PM ET,LAC,3.9,0.975
275,RB,Zander Horvath (25451354),Zander Horvath,25451354,4000,LAC@ARI 11/27/2022 04:05PM ET,LAC,2.0,0.5
276,RB,Darrel Williams (25451396),Darrel Williams,25451396,4000,LAC@ARI 11/27/2022 04:05PM ET,ARI,0.0,0.0
278,RB,Ty'Son Williams (25451400),Ty'Son Williams,25451400,4000,LAC@ARI 11/27/2022 04:05PM ET,ARI,0.0,0.0
279,QB,Sean Mannion (25451177),Sean Mannion,25451177,4000,LV@SEA 11/27/2022 04:05PM ET,SEA,0.0,0.0
280,QB,Chase Garbers (25451189),Chase Garbers,25451189,4000,LV@SEA 11/27/2022 04:05PM ET,LV,0.0,0.0
281,RB,DeeJay Dallas (25451336),DeeJay Dallas,25451336,4000,LV@SEA 11/27/2022 04:05PM ET,SEA,2.8,0.7
282,RB,Tony Jones Jr. (25451338),Tony Jones Jr.,25451338,4000,LV@SEA 11/27/2022 04:05PM ET,SEA,0.0,0.0
283,RB,Rashaad Penny (25451340),Rashaad Penny,25451340,4000,LV@SEA 11/27/2022 04:05PM ET,SEA,0.0,0.0
284,RB,Darwin Thompson (25451342),Darwin Thompson,25451342,4000,LV@SEA 11/27/2022 04:05PM ET,SEA,0.0,0.0
286,RB,Godwin Igwebuike (25451346),Godwin Igwebuike,25451346,4000,LV@SEA 11/27/2022 04:05PM ET,SEA,0.0,0.0
287,RB,Brandon Bolden (25451420),Brandon Bolden,25451420,4000,LV@SEA 11/27/2022 04:05PM ET,LV,1.9,0.475
288,RB,Brittain Brown (25451422),Brittain Brown,25451422,4000,LV@SEA 11/27/2022 04:05PM ET,LV,0.0,0.0
289,RB,Zamir White (25451424),Zamir White,25451424,4000,LV@SEA 11/27/2022 04:05PM ET,LV,1.7,0.425
290,RB,Sincere McCormick (25451426),Sincere McCormick,25451426,4000,LV@SEA 11/27/2022 04:05PM ET,LV,0.0,0.0
291,RB,Austin Walter (25451428),Austin Walter,25451428,4000,LV@SEA 11/27/2022 04:05PM ET,LV,0.0,0.0
292,RB,Jakob Johnson (25451430),Jakob Johnson,25451430,4000,LV@SEA 11/27/2022 04:05PM ET,LV,0.5,0.125
293,QB,Shane Buechele (25451193),Shane Buechele,25451193,4000,LAR@KC 11/27/2022 04:25PM ET,KC,0.0,0.0
294,QB,Chris Oladokun (25451194),Chris Oladokun,25451194,4000,LAR@KC 11/27/2022 04:25PM ET,KC,0.0,0.0
295,RB,Malcolm Brown (25451452),Malcolm Brown,25451452,4000,LAR@KC 11/27/2022 04:25PM ET,LAR,0.0,0.0
296,RB,Ronnie Rivers (25451454),Ronnie Rivers,25451454,4000,LAR@KC 11/27/2022 04:25PM ET,LAR,1.1,0.275
299,RB,Michael Burton (25451460),Michael Burton,25451460,4000,LAR@KC 11/27/2022 04:25PM ET,KC,0.8,0.2
300,WR,Marquez Valdes-Scantling (25451570),Marquez Valdes-Scantling,25451570,4000,LAR@KC 11/27/2022 04:25PM ET,KC,10.1,2.525
301,QB,Trey Lance (25451174),Trey Lance,25451174,4000,NO@SF 11/27/2022 04:25PM ET,SF,0.0,0.0
302,QB,Jacob Eason (25451175),Jacob Eason,25451175,4000,NO@SF 11/27/2022 04:25PM ET,SF,0.0,0.0
303,QB,Jake Luton (25451191),Jake Luton,25451191,4000,NO@SF 11/27/2022 04:25PM ET,NO,0.0,0.0
304,RB,Jordan Mason (25451318),Jordan Mason,25451318,4000,NO@SF 11/27/2022 04:25PM ET,SF,1.5,0.375
305,RB,Kyle Juszczyk (25451320),Kyle Juszczyk,25451320,4000,NO@SF 11/27/2022 04:25PM ET,SF,2.9,0.725
306,RB,Tevin Coleman (25451322),Tevin Coleman,25451322,4000,NO@SF 11/27/2022 04:25PM ET,SF,0.0,0.0
307,RB,David Johnson (25451436),David Johnson,25451436,4000,NO@SF 11/27/2022 04:25PM ET,NO,1.0,0.25
308,RB,Derrick Gore (25451438),Derrick Gore,25451438,4000,NO@SF 11/27/2022 04:25PM ET,NO,0.0,0.0
309,RB,Adam Prentice (25451440),Adam Prentice,25451440,4000,NO@SF 11/27/2022 04:25PM ET,NO,0.4,0.1
310,WR,Terrace Marshall Jr. (25451578),Terrace Marshall Jr.,25451578,3900,DEN@CAR 11/27/2022 01:00PM ET,CAR,10.1,2.58974358974359
311,WR,Chase Claypool (25451576),Chase Claypool,25451576,3900,CHI@NYJ 11/27/2022 01:00PM ET,CHI,7.9,2.0256410256410255
312,WR,Nick Westbrook-Ikhine (25451580),Nick Westbrook-Ikhine,25451580,3900,CIN@TEN 11/27/2022 01:00PM ET,TEN,6.8,1.7435897435897436
313,WR,KJ Hamler (25451582),KJ Hamler,25451582,3800,DEN@CAR 11/27/2022 01:00PM ET,DEN,0.0,0.0
314,WR,Chris Moore (25451584),Chris Moore,25451584,3800,HOU@MIA 11/27/2022 01:00PM ET,HOU,8.5,2.2368421052631575
315,WR,Kendall Hinton (25451588),Kendall Hinton,25451588,3700,DEN@CAR 11/27/2022 01:00PM ET,DEN,9.3,2.5135135135135136
316,WR,DeAndre Carter (25451586),DeAndre Carter,25451586,3700,LAC@ARI 11/27/2022 04:05PM ET,LAC,9.1,2.459459459459459
317,WR,Olamide Zaccheaus (25451590),Olamide Zaccheaus,25451590,3600,ATL@WAS 11/27/2022 01:00PM ET,ATL,6.6,1.8333333333333333
