Position,Name + ID,Name,ID,Roster Position,Salary,Game Info,TeamAbbrev,AvgPointsPerGame
RB,Christian McCaffrey (31990009),Christian McCaffrey,31990009,RB/FLEX,9600,SF@WAS 12/31/2023 01:00PM ET,SF,26.75
WR,Tyreek Hill (31990309),Tyreek Hill,31990309,WR/FLEX,9300,MIA@BAL 12/31/2023 01:00PM ET,MIA,26.19
WR,A.J. Brown (31990311),A.J. Brown,31990311,WR/FLEX,8600,ARI@PHI 12/31/2023 01:00PM ET,PHI,20.16
RB,Kyren Williams (31990011),Kyren Williams,31990011,RB/FLEX,8300,LAR@NYG 12/31/2023 01:00PM ET,LAR,22.26
QB,Jalen Hurts (31989925),Jalen Hurts,31989925,QB,8300,ARI@PHI 12/31/2023 01:00PM ET,PHI,24.47
QB,Josh Allen (31989926),Josh Allen,31989926,QB,8200,NE@BUF 12/31/2023 01:00PM ET,BUF,25.23
WR,Stefon Diggs (31990313),Stefon Diggs,31990313,WR/FLEX,8200,NE@BUF 12/31/2023 01:00PM ET,BUF,17.8
WR,Cooper Kupp (31990315),Cooper Kupp,31990315,WR/FLEX,8100,LAR@NYG 12/31/2023 01:00PM ET,LAR,14.88
WR,Puka Nacua (31990317),Puka Nacua,31990317,WR/FLEX,7900,LAR@NYG 12/31/2023 01:00PM ET,LAR,18.91
WR,Mike Evans (31990319),Mike Evans,31990319,WR/FLEX,7800,NO@TB 12/31/2023 01:00PM ET,TB,18.42
WR,Keenan Allen (31990321),Keenan Allen,31990321,WR/FLEX,7800,LAC@DEN 12/31/2023 04:25PM ET,LAC,22.68
QB,Lamar Jackson (31989927),Lamar Jackson,31989927,QB,7700,MIA@BAL 12/31/2023 01:00PM ET,BAL,21.12
WR,Jaylen Waddle (31990325),Jaylen Waddle,31990325,WR/FLEX,7700,MIA@BAL 12/31/2023 01:00PM ET,MIA,14.83
WR,Deebo Samuel (31990323),Deebo Samuel,31990323,WR/FLEX,7700,SF@WAS 12/31/2023 01:00PM ET,SF,17.64
WR,Ja'Marr Chase (31990327),Ja'Marr Chase,31990327,WR/FLEX,7600,CIN@KC 12/31/2023 04:25PM ET,CIN,18.91
RB,Rachaad White (31990013),Rachaad White,31990013,RB/FLEX,7600,NO@TB 12/31/2023 01:00PM ET,TB,16.87
QB,Patrick Mahomes (31989928),Patrick Mahomes,31989928,QB,7500,CIN@KC 12/31/2023 04:25PM ET,KC,19.75
WR,Michael Pittman Jr. (31990329),Michael Pittman Jr.,31990329,WR/FLEX,7500,LV@IND 12/31/2023 01:00PM ET,IND,17.3
RB,Alvin Kamara (31990015),Alvin Kamara,31990015,RB/FLEX,7500,NO@TB 12/31/2023 01:00PM ET,NO,18.84
QB,Tua Tagovailoa (31989929),Tua Tagovailoa,31989929,QB,7400,MIA@BAL 12/31/2023 01:00PM ET,MIA,18.52
WR,Davante Adams (31990331),Davante Adams,31990331,WR/FLEX,7400,LV@IND 12/31/2023 01:00PM ET,LV,14.55
QB,Justin Fields (31989930),Justin Fields,31989930,QB,7300,ATL@CHI 12/31/2023 01:00PM ET,CHI,19.58
RB,Jonathan Taylor (31990017),Jonathan Taylor,31990017,RB/FLEX,7300,LV@IND 12/31/2023 01:00PM ET,IND,13.92
WR,DeVonta Smith (31990333),DeVonta Smith,31990333,WR/FLEX,7300,ARI@PHI 12/31/2023 01:00PM ET,PHI,15.24
WR,Nico Collins (31990335),Nico Collins,31990335,WR/FLEX,7200,TEN@HOU 12/31/2023 01:00PM ET,HOU,17.09
RB,Travis Etienne Jr. (31990019),Travis Etienne Jr.,31990019,RB/FLEX,7200,CAR@JAX 12/31/2023 01:00PM ET,JAX,16.39
RB,James Cook (31990021),James Cook,31990021,RB/FLEX,7100,NE@BUF 12/31/2023 01:00PM ET,BUF,15.34
QB,C.J. Stroud (31989931),C.J. Stroud,31989931,QB,7100,TEN@HOU 12/31/2023 01:00PM ET,HOU,20.73
WR,DK Metcalf (31990337),DK Metcalf,31990337,WR/FLEX,7100,PIT@SEA 12/31/2023 04:05PM ET,SEA,15.27
TE,Travis Kelce (31990807),Travis Kelce,31990807,TE/FLEX,7000,CIN@KC 12/31/2023 04:25PM ET,KC,15.84
RB,Raheem Mostert (31990023),Raheem Mostert,31990023,RB/FLEX,7000,MIA@BAL 12/31/2023 01:00PM ET,MIA,18.31
QB,Brock Purdy (31989932),Brock Purdy,31989932,QB,7000,SF@WAS 12/31/2023 01:00PM ET,SF,20.4
WR,Brandon Aiyuk (31990339),Brandon Aiyuk,31990339,WR/FLEX,7000,SF@WAS 12/31/2023 01:00PM ET,SF,17.02
WR,Rashee Rice (31990341),Rashee Rice,31990341,WR/FLEX,6900,CIN@KC 12/31/2023 04:25PM ET,KC,13.25
RB,Derrick Henry (31990025),Derrick Henry,31990025,RB/FLEX,6900,TEN@HOU 12/31/2023 01:00PM ET,TEN,15.34
RB,Saquon Barkley (31990027),Saquon Barkley,31990027,RB/FLEX,6900,LAR@NYG 12/31/2023 01:00PM ET,NYG,16.31
RB,Isiah Pacheco (31990029),Isiah Pacheco,31990029,RB/FLEX,6800,CIN@KC 12/31/2023 04:25PM ET,KC,14.72
WR,Chris Olave (31990343),Chris Olave,31990343,WR/FLEX,6800,NO@TB 12/31/2023 01:00PM ET,NO,16.15
RB,De'Von Achane (31990031),De'Von Achane,31990031,RB/FLEX,6700,MIA@BAL 12/31/2023 01:00PM ET,MIA,18.21
QB,Trevor Lawrence (31989933),Trevor Lawrence,31989933,QB,6700,CAR@JAX 12/31/2023 01:00PM ET,JAX,18.09
WR,Calvin Ridley (31990345),Calvin Ridley,31990345,WR/FLEX,6700,CAR@JAX 12/31/2023 01:00PM ET,JAX,13.89
RB,Austin Ekeler (31990033),Austin Ekeler,31990033,RB/FLEX,6700,LAC@DEN 12/31/2023 04:25PM ET,LAC,14.62
RB,Bijan Robinson (31990035),Bijan Robinson,31990035,RB/FLEX,6600,ATL@CHI 12/31/2023 01:00PM ET,ATL,14.51
WR,DJ Moore (31990347),DJ Moore,31990347,WR/FLEX,6600,ATL@CHI 12/31/2023 01:00PM ET,CHI,17.21
QB,Matthew Stafford (31989934),Matthew Stafford,31989934,QB,6600,LAR@NYG 12/31/2023 01:00PM ET,LAR,17.97
WR,Tee Higgins (31990349),Tee Higgins,31990349,WR/FLEX,6500,CIN@KC 12/31/2023 04:25PM ET,CIN,12.79
RB,D'Andre Swift (31990037),D'Andre Swift,31990037,RB/FLEX,6500,ARI@PHI 12/31/2023 01:00PM ET,PHI,13.25
RB,Joe Mixon (31990039),Joe Mixon,31990039,RB/FLEX,6400,CIN@KC 12/31/2023 04:25PM ET,CIN,14.91
WR,Courtland Sutton (31990351),Courtland Sutton,31990351,WR/FLEX,6400,LAC@DEN 12/31/2023 04:25PM ET,DEN,12.8
QB,Kyler Murray (31989935),Kyler Murray,31989935,QB,6300,ARI@PHI 12/31/2023 01:00PM ET,ARI,18.15
RB,Josh Jacobs (31990041),Josh Jacobs,31990041,RB/FLEX,6200,LV@IND 12/31/2023 01:00PM ET,LV,14.47
QB,Baker Mayfield (31989936),Baker Mayfield,31989936,QB,6100,NO@TB 12/31/2023 01:00PM ET,TB,17.91
WR,Chris Godwin (31990353),Chris Godwin,31990353,WR/FLEX,6100,NO@TB 12/31/2023 01:00PM ET,TB,12.44
RB,Kenneth Walker III (31990043),Kenneth Walker III,31990043,RB/FLEX,6100,PIT@SEA 12/31/2023 04:05PM ET,SEA,13.6
RB,Ezekiel Elliott (31990045),Ezekiel Elliott,31990045,RB/FLEX,6000,NE@BUF 12/31/2023 01:00PM ET,NE,10.06
WR,DeAndre Hopkins (31990355),DeAndre Hopkins,31990355,WR/FLEX,6000,TEN@HOU 12/31/2023 01:00PM ET,TEN,13.39
QB,Russell Wilson (31989937),Russell Wilson,31989937,QB,6000,LAC@DEN 12/31/2023 04:25PM ET,DEN,18.39
RB,Gus Edwards (31990049),Gus Edwards,31990049,RB/FLEX,5900,MIA@BAL 12/31/2023 01:00PM ET,BAL,11.56
WR,Adam Thielen (31990357),Adam Thielen,31990357,WR/FLEX,5900,CAR@JAX 12/31/2023 01:00PM ET,CAR,15.13
RB,James Conner (31990047),James Conner,31990047,RB/FLEX,5900,ARI@PHI 12/31/2023 01:00PM ET,ARI,13.71
TE,Trey McBride (31990809),Trey McBride,31990809,TE/FLEX,5900,ARI@PHI 12/31/2023 01:00PM ET,ARI,10.95
QB,Geno Smith (31989938),Geno Smith,31989938,QB,5900,PIT@SEA 12/31/2023 04:05PM ET,SEA,16.38
QB,Jake Browning (31989939),Jake Browning,31989939,QB,5800,CIN@KC 12/31/2023 04:25PM ET,CIN,17.19
RB,Rhamondre Stevenson (31990053),Rhamondre Stevenson,31990053,RB/FLEX,5800,NE@BUF 12/31/2023 01:00PM ET,NE,12.22
RB,Chuba Hubbard (31990051),Chuba Hubbard,31990051,RB/FLEX,5800,CAR@JAX 12/31/2023 01:00PM ET,CAR,10.88
QB,Gardner Minshew II (31989940),Gardner Minshew II,31989940,QB,5700,LV@IND 12/31/2023 01:00PM ET,IND,13.16
TE,Evan Engram (31990811),Evan Engram,31990811,TE/FLEX,5700,CAR@JAX 12/31/2023 01:00PM ET,JAX,13.09
RB,Brian Robinson Jr. (31990055),Brian Robinson Jr.,31990055,RB/FLEX,5700,SF@WAS 12/31/2023 01:00PM ET,WAS,13.84
WR,Tyler Lockett (31990359),Tyler Lockett,31990359,WR/FLEX,5700,PIT@SEA 12/31/2023 04:05PM ET,SEA,12.22
WR,Zay Flowers (31990361),Zay Flowers,31990361,WR/FLEX,5600,MIA@BAL 12/31/2023 01:00PM ET,BAL,12.45
RB,Devin Singletary (31990059),Devin Singletary,31990059,RB/FLEX,5600,TEN@HOU 12/31/2023 01:00PM ET,HOU,10.08
QB,Sam Howell (31989941),Sam Howell,31989941,QB,5600,SF@WAS 12/31/2023 01:00PM ET,WAS,18.50
TE,George Kittle (31990813),George Kittle,31990813,TE/FLEX,5600,SF@WAS 12/31/2023 01:00PM ET,SF,13.75
RB,Javonte Williams (31990057),Javonte Williams,31990057,RB/FLEX,5600,LAC@DEN 12/31/2023 04:25PM ET,DEN,10.78
WR,Gabe Davis (31990365),Gabe Davis,31990365,WR/FLEX,5500,NE@BUF 12/31/2023 01:00PM ET,BUF,11.15
QB,Derek Carr (31989942),Derek Carr,31989942,QB,5500,NO@TB 12/31/2023 01:00PM ET,NO,15.16
WR,Terry McLaurin (31990363),Terry McLaurin,31990363,WR/FLEX,5500,SF@WAS 12/31/2023 01:00PM ET,WAS,12.3
RB,Jaylen Warren (31990061),Jaylen Warren,31990061,RB/FLEX,5500,PIT@SEA 12/31/2023 04:05PM ET,PIT,11.71
RB,Khalil Herbert (31990063),Khalil Herbert,31990063,RB/FLEX,5400,ATL@CHI 12/31/2023 01:00PM ET,CHI,9.25
WR,Josh Downs (31990367),Josh Downs,31990367,WR/FLEX,5400,LV@IND 12/31/2023 01:00PM ET,IND,9.67
QB,Marcus Mariota (31989943),Marcus Mariota,31989943,QB,5400,ARI@PHI 12/31/2023 01:00PM ET,PHI,0.62
RB,Clyde Edwards-Helaire (31990065),Clyde Edwards-Helaire,31990065,RB/FLEX,5300,CIN@KC 12/31/2023 04:25PM ET,KC,4.86
QB,Aidan O'Connell (31989944),Aidan O'Connell,31989944,QB,5300,LV@IND 12/31/2023 01:00PM ET,LV,10.74
WR,Jakobi Meyers (31990369),Jakobi Meyers,31990369,WR/FLEX,5300,LV@IND 12/31/2023 01:00PM ET,LV,13.24
WR,George Pickens (31990371),George Pickens,31990371,WR/FLEX,5300,PIT@SEA 12/31/2023 04:05PM ET,PIT,13.36
QB,Will Levis (31989945),Will Levis,31989945,QB,5200,TEN@HOU 12/31/2023 01:00PM ET,TEN,14.17
QB,Tommy DeVito (31989947),Tommy DeVito,31989947,QB,5200,LAR@NYG 12/31/2023 01:00PM ET,NYG,12.12
WR,Marquise Brown (31990373),Marquise Brown,31990373,WR/FLEX,5200,ARI@PHI 12/31/2023 01:00PM ET,ARI,9.62
QB,Sam Darnold (31989946),Sam Darnold,31989946,QB,5200,SF@WAS 12/31/2023 01:00PM ET,SF,0.89
RB,Antonio Gibson (31990067),Antonio Gibson,31990067,RB/FLEX,5200,SF@WAS 12/31/2023 01:00PM ET,WAS,8.37
WR,Noah Brown (31990375),Noah Brown,31990375,WR/FLEX,5100,TEN@HOU 12/31/2023 01:00PM ET,HOU,11.76
RB,Zamir White (31990071),Zamir White,31990071,RB/FLEX,5100,LV@IND 12/31/2023 01:00PM ET,LV,3.28
QB,C.J. Beathard (31989949),C.J. Beathard,31989949,QB,5100,CAR@JAX 12/31/2023 01:00PM ET,JAX,1.99
RB,Kenneth Gainwell (31990069),Kenneth Gainwell,31990069,RB/FLEX,5100,ARI@PHI 12/31/2023 01:00PM ET,PHI,6.11
QB,Easton Stick (31989948),Easton Stick,31989948,QB,5100,LAC@DEN 12/31/2023 04:25PM ET,LAC,14.55
WR,Jerry Jeudy (31990377),Jerry Jeudy,31990377,WR/FLEX,5100,LAC@DEN 12/31/2023 04:25PM ET,DEN,8.32
QB,Tyler Huntley (31989952),Tyler Huntley,31989952,QB,5000,MIA@BAL 12/31/2023 01:00PM ET,BAL,2.37
RB,D'Onta Foreman (31990077),D'Onta Foreman,31990077,RB/FLEX,5000,ATL@CHI 12/31/2023 01:00PM ET,CHI,10.13
WR,Drake London (31990379),Drake London,31990379,WR/FLEX,5000,ATL@CHI 12/31/2023 01:00PM ET,ATL,11.62
RB,Zack Moss (31990073),Zack Moss,31990073,RB/FLEX,5000,LV@IND 12/31/2023 01:00PM ET,IND,13.28
QB,Kenny Pickett (31989950),Kenny Pickett,31989950,QB,5000,PIT@SEA 12/31/2023 04:05PM ET,PIT,9.52
QB,Mason Rudolph (31989951),Mason Rudolph,31989951,QB,5000,PIT@SEA 12/31/2023 04:05PM ET,PIT,10.06
RB,Najee Harris (31990075),Najee Harris,31990075,RB/FLEX,5000,PIT@SEA 12/31/2023 04:05PM ET,PIT,9.87
WR,Diontae Johnson (31990381),Diontae Johnson,31990381,WR/FLEX,5000,PIT@SEA 12/31/2023 04:05PM ET,PIT,11.11
TE,Dalton Kincaid (31990815),Dalton Kincaid,31990815,TE/FLEX,4900,NE@BUF 12/31/2023 01:00PM ET,BUF,8.8
QB,Taylor Heinicke (31989957),Taylor Heinicke,31989957,QB,4900,ATL@CHI 12/31/2023 01:00PM ET,ATL,12.97
RB,Roschon Johnson (31990081),Roschon Johnson,31990081,RB/FLEX,4900,ATL@CHI 12/31/2023 01:00PM ET,CHI,6.55
QB,Ryan Tannehill (31989956),Ryan Tannehill,31989956,QB,4900,TEN@HOU 12/31/2023 01:00PM ET,TEN,8.36
QB,Davis Mills (31989958),Davis Mills,31989958,QB,4900,TEN@HOU 12/31/2023 01:00PM ET,HOU,3.56
QB,Case Keenum (31989959),Case Keenum,31989959,QB,4900,TEN@HOU 12/31/2023 01:00PM ET,HOU,6.37
QB,Jimmy Garoppolo (31989955),Jimmy Garoppolo,31989955,QB,4900,LV@IND 12/31/2023 01:00PM ET,LV,12.68
QB,Bryce Young (31989953),Bryce Young,31989953,QB,4900,CAR@JAX 12/31/2023 01:00PM ET,CAR,11.90
QB,Jacoby Brissett (31989954),Jacoby Brissett,31989954,QB,4900,SF@WAS 12/31/2023 01:00PM ET,WAS,7.62
RB,Chris Rodriguez Jr. (31990079),Chris Rodriguez Jr.,31990079,RB/FLEX,4900,SF@WAS 12/31/2023 01:00PM ET,WAS,2.99
WR,Joshua Palmer (31990383),Joshua Palmer,31990383,WR/FLEX,4900,LAC@DEN 12/31/2023 04:25PM ET,LAC,11.41
QB,Blaine Gabbert (31989963),Blaine Gabbert,31989963,QB,4800,CIN@KC 12/31/2023 04:25PM ET,KC,-0.86
QB,Bailey Zappe (31989965),Bailey Zappe,31989965,QB,4800,NE@BUF 12/31/2023 01:00PM ET,NE,7.66
QB,Mac Jones (31989966),Mac Jones,31989966,QB,4800,NE@BUF 12/31/2023 01:00PM ET,NE,11.22
QB,Desmond Ridder (31989962),Desmond Ridder,31989962,QB,4800,ATL@CHI 12/31/2023 01:00PM ET,ATL,14.45
RB,Tyler Allgeier (31990085),Tyler Allgeier,31990085,RB/FLEX,4800,ATL@CHI 12/31/2023 01:00PM ET,ATL,7.69
RB,Ameer Abdullah (31990083),Ameer Abdullah,31990083,RB/FLEX,4800,LV@IND 12/31/2023 01:00PM ET,LV,2.41
TE,Dallas Goedert (31990817),Dallas Goedert,31990817,TE/FLEX,4800,ARI@PHI 12/31/2023 01:00PM ET,PHI,10.18
QB,Jameis Winston (31989961),Jameis Winston,31989961,QB,4800,NO@TB 12/31/2023 01:00PM ET,NO,2.49
RB,Elijah Mitchell (31990087),Elijah Mitchell,31990087,RB/FLEX,4800,SF@WAS 12/31/2023 01:00PM ET,SF,2.09
QB,Drew Lock (31989960),Drew Lock,31989960,QB,4800,PIT@SEA 12/31/2023 04:05PM ET,SEA,8.03
WR,Jaxon Smith-Njigba (31990385),Jaxon Smith-Njigba,31990385,WR/FLEX,4800,PIT@SEA 12/31/2023 04:05PM ET,SEA,9.15
QB,Jarrett Stidham (31989964),Jarrett Stidham,31989964,QB,4800,LAC@DEN 12/31/2023 04:25PM ET,DEN,0
RB,Samaje Perine (31990089),Samaje Perine,31990089,RB/FLEX,4800,LAC@DEN 12/31/2023 04:25PM ET,DEN,7.51
RB,Chase Brown (31990097),Chase Brown,31990097,RB/FLEX,4700,CIN@KC 12/31/2023 04:25PM ET,CIN,4.24
WR,Tyler Boyd (31990387),Tyler Boyd,31990387,WR/FLEX,4700,CIN@KC 12/31/2023 04:25PM ET,CIN,9.5
RB,Justice Hill (31990099),Justice Hill,31990099,RB/FLEX,4700,MIA@BAL 12/31/2023 01:00PM ET,BAL,5.89
QB,Tyson Bagent (31989968),Tyson Bagent,31989968,QB,4700,ATL@CHI 12/31/2023 01:00PM ET,CHI,12.25
TE,Cole Kmet (31990819),Cole Kmet,31990819,TE/FLEX,4700,ATL@CHI 12/31/2023 01:00PM ET,CHI,11.8
RB,Tyjae Spears (31990093),Tyjae Spears,31990093,RB/FLEX,4700,TEN@HOU 12/31/2023 01:00PM ET,TEN,8.35
QB,Carson Wentz (31989967),Carson Wentz,31989967,QB,4700,LAR@NYG 12/31/2023 01:00PM ET,LAR,0
RB,Matt Breida (31990095),Matt Breida,31990095,RB/FLEX,4700,LAR@NYG 12/31/2023 01:00PM ET,NYG,3.13
RB,Jordan Mason (31990091),Jordan Mason,31990091,RB/FLEX,4700,SF@WAS 12/31/2023 01:00PM ET,SF,2.57
QB,AJ McCarron (31989974),AJ McCarron,31989974,QB,4600,CIN@KC 12/31/2023 04:25PM ET,CIN,-0.04
TE,Isaiah Likely (31990821),Isaiah Likely,31990821,TE/FLEX,4600,MIA@BAL 12/31/2023 01:00PM ET,BAL,4.79
QB,Kyle Allen (31989976),Kyle Allen,31989976,QB,4600,NE@BUF 12/31/2023 01:00PM ET,BUF,-0.18
QB,Sam Ehlinger (31989971),Sam Ehlinger,31989971,QB,4600,LV@IND 12/31/2023 01:00PM ET,IND,0
QB,Andy Dalton (31989970),Andy Dalton,31989970,QB,4600,CAR@JAX 12/31/2023 01:00PM ET,CAR,8.88
RB,D'Ernest Johnson (31990107),D'Ernest Johnson,31990107,RB/FLEX,4600,CAR@JAX 12/31/2023 01:00PM ET,JAX,2.33
QB,Matt Barkley (31989973),Matt Barkley,31989973,QB,4600,LAR@NYG 12/31/2023 01:00PM ET,NYG,0
QB,Tyrod Taylor (31989977),Tyrod Taylor,31989977,QB,4600,LAR@NYG 12/31/2023 01:00PM ET,NYG,5.77
WR,Demarcus Robinson (31990391),Demarcus Robinson,31990391,WR/FLEX,4600,LAR@NYG 12/31/2023 01:00PM ET,LAR,5.3
QB,Clayton Tune (31989972),Clayton Tune,31989972,QB,4600,ARI@PHI 12/31/2023 01:00PM ET,ARI,2.08
RB,Emari Demercado (31990103),Emari Demercado,31990103,RB/FLEX,4600,ARI@PHI 12/31/2023 01:00PM ET,ARI,5.95
RB,Boston Scott (31990105),Boston Scott,31990105,RB/FLEX,4600,ARI@PHI 12/31/2023 01:00PM ET,PHI,1.25
QB,Kyle Trask (31989975),Kyle Trask,31989975,QB,4600,NO@TB 12/31/2023 01:00PM ET,TB,-0.05
WR,Rashid Shaheed (31990389),Rashid Shaheed,31990389,WR/FLEX,4600,NO@TB 12/31/2023 01:00PM ET,NO,10.82
QB,Mitch Trubisky (31989969),Mitch Trubisky,31989969,QB,4600,PIT@SEA 12/31/2023 04:05PM ET,PIT,10.94
RB,Zach Charbonnet (31990101),Zach Charbonnet,31990101,RB/FLEX,4600,PIT@SEA 12/31/2023 04:05PM ET,SEA,6.36
RB,La'Mical Perine (31990113),La'Mical Perine,31990113,RB/FLEX,4500,CIN@KC 12/31/2023 04:25PM ET,KC,0.03
QB,Mike White (31989979),Mike White,31989979,QB,4500,MIA@BAL 12/31/2023 01:00PM ET,MIA,1.01
RB,Melvin Gordon III (31990111),Melvin Gordon III,31990111,RB/FLEX,4500,MIA@BAL 12/31/2023 01:00PM ET,BAL,6.45
WR,Odell Beckham Jr. (31990393),Odell Beckham Jr.,31990393,WR/FLEX,4500,MIA@BAL 12/31/2023 01:00PM ET,BAL,8.25
QB,Nathan Rourke (31989982),Nathan Rourke,31989982,QB,4500,NE@BUF 12/31/2023 01:00PM ET,NE,0
RB,Kevin Harris (31990115),Kevin Harris,31990115,RB/FLEX,4500,NE@BUF 12/31/2023 01:00PM ET,NE,5.3
QB,Malik Willis (31989978),Malik Willis,31989978,QB,4500,TEN@HOU 12/31/2023 01:00PM ET,TEN,1.35
RB,Dameon Pierce (31990109),Dameon Pierce,31990109,RB/FLEX,4500,TEN@HOU 12/31/2023 01:00PM ET,HOU,6.63
TE,Darren Waller (31990823),Darren Waller,31990823,TE/FLEX,4500,LAR@NYG 12/31/2023 01:00PM ET,NYG,9.36
QB,Tanner McKee (31989981),Tanner McKee,31989981,QB,4500,ARI@PHI 12/31/2023 01:00PM ET,PHI,0
QB,Will Grier (31989980),Will Grier,31989980,QB,4500,LAC@DEN 12/31/2023 04:25PM ET,LAC,0
QB,Malik Cunningham (31989983),Malik Cunningham,31989983,QB,4400,MIA@BAL 12/31/2023 01:00PM ET,BAL,0
RB,Leonard Fournette (31990125),Leonard Fournette,31990125,RB/FLEX,4400,NE@BUF 12/31/2023 01:00PM ET,BUF,2
RB,Miles Sanders (31990123),Miles Sanders,31990123,RB/FLEX,4400,CAR@JAX 12/31/2023 01:00PM ET,CAR,5.97
RB,Royce Freeman (31990117),Royce Freeman,31990117,RB/FLEX,4400,LAR@NYG 12/31/2023 01:00PM ET,LAR,3.64
RB,Chase Edmonds (31990129),Chase Edmonds,31990129,RB/FLEX,4400,NO@TB 12/31/2023 01:00PM ET,TB,2.34
TE,Taysom Hill (31990825),Taysom Hill,31990825,TE/FLEX,4400,NO@TB 12/31/2023 01:00PM ET,NO,8.65
RB,Derrick Gore (31990121),Derrick Gore,31990121,RB/FLEX,4400,SF@WAS 12/31/2023 01:00PM ET,WAS,0.58
WR,Curtis Samuel (31990395),Curtis Samuel,31990395,WR/FLEX,4400,SF@WAS 12/31/2023 01:00PM ET,WAS,10.64
RB,Jaleel McLaughlin (31990119),Jaleel McLaughlin,31990119,RB/FLEX,4400,LAC@DEN 12/31/2023 04:25PM ET,DEN,6.41
RB,Isaiah Spiller (31990127),Isaiah Spiller,31990127,RB/FLEX,4400,LAC@DEN 12/31/2023 04:25PM ET,LAC,2.01
RB,Latavius Murray (31990133),Latavius Murray,31990133,RB/FLEX,4300,NE@BUF 12/31/2023 01:00PM ET,BUF,5.53
WR,Demario Douglas (31990397),Demario Douglas,31990397,WR/FLEX,4300,NE@BUF 12/31/2023 01:00PM ET,NE,8.13
RB,Cordarrelle Patterson (31990135),Cordarrelle Patterson,31990135,RB/FLEX,4300,ATL@CHI 12/31/2023 01:00PM ET,ATL,2.91
TE,Dalton Schultz (31990827),Dalton Schultz,31990827,TE/FLEX,4300,TEN@HOU 12/31/2023 01:00PM ET,HOU,10.88
RB,Trey Sermon (31990131),Trey Sermon,31990131,RB/FLEX,4300,LV@IND 12/31/2023 01:00PM ET,IND,1.09
RB,Jamaal Williams (31990137),Jamaal Williams,31990137,RB/FLEX,4300,NO@TB 12/31/2023 01:00PM ET,NO,3.39
RB,Tyler Goodson (31990139),Tyler Goodson,31990139,RB/FLEX,4200,LV@IND 12/31/2023 01:00PM ET,IND,4.45
RB,Ronnie Rivers (31990143),Ronnie Rivers,31990143,RB/FLEX,4200,LAR@NYG 12/31/2023 01:00PM ET,LAR,1.93
WR,Greg Dortch (31990399),Greg Dortch,31990399,WR/FLEX,4200,ARI@PHI 12/31/2023 01:00PM ET,ARI,3.28
DST,49ers  (31991093),49ers ,31991093,DST,4200,SF@WAS 12/31/2023 01:00PM ET,SF,8.53
RB,Joshua Kelley (31990141),Joshua Kelley,31990141,RB/FLEX,4200,LAC@DEN 12/31/2023 04:25PM ET,LAC,4.16
RB,Jeff Wilson Jr. (31990147),Jeff Wilson Jr.,31990147,RB/FLEX,4100,MIA@BAL 12/31/2023 01:00PM ET,MIA,3.8
TE,Kyle Pitts (31990829),Kyle Pitts,31990829,TE/FLEX,4100,ATL@CHI 12/31/2023 01:00PM ET,ATL,8.74
RB,Tank Bigsby (31990145),Tank Bigsby,31990145,RB/FLEX,4100,CAR@JAX 12/31/2023 01:00PM ET,JAX,1.33
WR,Jahan Dotson (31990401),Jahan Dotson,31990401,WR/FLEX,4100,SF@WAS 12/31/2023 01:00PM ET,WAS,8.27
QB,Chris Oladokun (31990006),Chris Oladokun,31990006,QB,4000,CIN@KC 12/31/2023 04:25PM ET,KC,0
QB,Joe Burrow (31990007),Joe Burrow,31990007,QB,4000,CIN@KC 12/31/2023 04:25PM ET,CIN,16.32
QB,Drew Plitt (31990008),Drew Plitt,31990008,QB,4000,CIN@KC 12/31/2023 04:25PM ET,CIN,0
RB,Jerick McKinnon (31990149),Jerick McKinnon,31990149,RB/FLEX,4000,CIN@KC 12/31/2023 04:25PM ET,KC,7.04
RB,Keaontay Ingram (31990295),Keaontay Ingram,31990295,RB/FLEX,4000,CIN@KC 12/31/2023 04:25PM ET,KC,1.75
RB,Deneric Prince (31990297),Deneric Prince,31990297,RB/FLEX,4000,CIN@KC 12/31/2023 04:25PM ET,KC,0
RB,Trayveon Williams (31990299),Trayveon Williams,31990299,RB/FLEX,4000,CIN@KC 12/31/2023 04:25PM ET,CIN,0.99
RB,Chris Evans (31990301),Chris Evans,31990301,RB/FLEX,4000,CIN@KC 12/31/2023 04:25PM ET,CIN,0.3
RB,Demetric Felton (31990303),Demetric Felton,31990303,RB/FLEX,4000,CIN@KC 12/31/2023 04:25PM ET,CIN,0
QB,Josh Johnson (31990004),Josh Johnson,31990004,QB,4000,MIA@BAL 12/31/2023 01:00PM ET,BAL,0
QB,Skylar Thompson (31990005),Skylar Thompson,31990005,QB,4000,MIA@BAL 12/31/2023 01:00PM ET,MIA,0
RB,Keaton Mitchell (31990151),Keaton Mitchell,31990151,RB/FLEX,4000,MIA@BAL 12/31/2023 01:00PM ET,BAL,9.11
RB,J.K. Dobbins (31990277),J.K. Dobbins,31990277,RB/FLEX,4000,MIA@BAL 12/31/2023 01:00PM ET,BAL,11.7
RB,Owen Wright (31990279),Owen Wright,31990279,RB/FLEX,4000,MIA@BAL 12/31/2023 01:00PM ET,BAL,0
RB,Patrick Ricard (31990281),Patrick Ricard,31990281,RB/FLEX,4000,MIA@BAL 12/31/2023 01:00PM ET,BAL,0.63
RB,Jake Funk (31990283),Jake Funk,31990283,RB/FLEX,4000,MIA@BAL 12/31/2023 01:00PM ET,BAL,0.8
RB,Ben Mason (31990285),Ben Mason,31990285,RB/FLEX,4000,MIA@BAL 12/31/2023 01:00PM ET,BAL,0
RB,Chris Brooks (31990287),Chris Brooks,31990287,RB/FLEX,4000,MIA@BAL 12/31/2023 01:00PM ET,MIA,1.34
RB,Salvon Ahmed (31990289),Salvon Ahmed,31990289,RB/FLEX,4000,MIA@BAL 12/31/2023 01:00PM ET,MIA,5.36
RB,Darrynton Evans (31990291),Darrynton Evans,31990291,RB/FLEX,4000,MIA@BAL 12/31/2023 01:00PM ET,MIA,4.29
RB,Alec Ingold (31990293),Alec Ingold,31990293,RB/FLEX,4000,MIA@BAL 12/31/2023 01:00PM ET,MIA,1.47
QB,Shane Buechele (31990003),Shane Buechele,31990003,QB,4000,NE@BUF 12/31/2023 01:00PM ET,BUF,0
RB,Ty Johnson (31990155),Ty Johnson,31990155,RB/FLEX,4000,NE@BUF 12/31/2023 01:00PM ET,BUF,3.48
RB,JaMycal Hasty (31990267),JaMycal Hasty,31990267,RB/FLEX,4000,NE@BUF 12/31/2023 01:00PM ET,NE,0
RB,Ke'Shawn Vaughn (31990269),Ke'Shawn Vaughn,31990269,RB/FLEX,4000,NE@BUF 12/31/2023 01:00PM ET,NE,1.07
RB,Damien Harris (31990271),Damien Harris,31990271,RB/FLEX,4000,NE@BUF 12/31/2023 01:00PM ET,BUF,3.17
RB,Nyheim Hines (31990273),Nyheim Hines,31990273,RB/FLEX,4000,NE@BUF 12/31/2023 01:00PM ET,BUF,0
RB,Reggie Gilliam (31990275),Reggie Gilliam,31990275,RB/FLEX,4000,NE@BUF 12/31/2023 01:00PM ET,BUF,0.09
TE,Hunter Henry (31990831),Hunter Henry,31990831,TE/FLEX,4000,NE@BUF 12/31/2023 01:00PM ET,NE,8.56
QB,Nathan Peterman (31990001),Nathan Peterman,31990001,QB,4000,ATL@CHI 12/31/2023 01:00PM ET,CHI,-0.4
QB,Logan Woodside (31990002),Logan Woodside,31990002,QB,4000,ATL@CHI 12/31/2023 01:00PM ET,ATL,0
RB,Travis Homer (31990253),Travis Homer,31990253,RB/FLEX,4000,ATL@CHI 12/31/2023 01:00PM ET,CHI,0
RB,Khari Blasingame (31990255),Khari Blasingame,31990255,RB/FLEX,4000,ATL@CHI 12/31/2023 01:00PM ET,CHI,0.41
RB,Robert Burns (31990257),Robert Burns,31990257,RB/FLEX,4000,ATL@CHI 12/31/2023 01:00PM ET,CHI,0
RB,Avery Williams (31990259),Avery Williams,31990259,RB/FLEX,4000,ATL@CHI 12/31/2023 01:00PM ET,ATL,0
RB,Keith Smith (31990261),Keith Smith,31990261,RB/FLEX,4000,ATL@CHI 12/31/2023 01:00PM ET,ATL,0.48
RB,Carlos Washington Jr. (31990263),Carlos Washington Jr.,31990263,RB/FLEX,4000,ATL@CHI 12/31/2023 01:00PM ET,ATL,0
RB,B.J. Baylor (31990265),B.J. Baylor,31990265,RB/FLEX,4000,ATL@CHI 12/31/2023 01:00PM ET,ATL,0
QB,Tim Boyle (31989984),Tim Boyle,31989984,QB,4000,TEN@HOU 12/31/2023 01:00PM ET,HOU,4.97
RB,Jonathan Ward (31990239),Jonathan Ward,31990239,RB/FLEX,4000,TEN@HOU 12/31/2023 01:00PM ET,TEN,0
RB,Hassan Haskins (31990241),Hassan Haskins,31990241,RB/FLEX,4000,TEN@HOU 12/31/2023 01:00PM ET,TEN,0
RB,Julius Chestnut (31990243),Julius Chestnut,31990243,RB/FLEX,4000,TEN@HOU 12/31/2023 01:00PM ET,TEN,0
RB,Dare Ogunbowale (31990245),Dare Ogunbowale,31990245,RB/FLEX,4000,TEN@HOU 12/31/2023 01:00PM ET,HOU,0.73
RB,Andrew Beck (31990247),Andrew Beck,31990247,RB/FLEX,4000,TEN@HOU 12/31/2023 01:00PM ET,HOU,2.21
RB,J.J. Taylor (31990249),J.J. Taylor,31990249,RB/FLEX,4000,TEN@HOU 12/31/2023 01:00PM ET,HOU,0
RB,Troy Hairston (31990251),Troy Hairston,31990251,RB/FLEX,4000,TEN@HOU 12/31/2023 01:00PM ET,HOU,0
QB,Brian Hoyer (31989998),Brian Hoyer,31989998,QB,4000,LV@IND 12/31/2023 01:00PM ET,LV,2.31
QB,Anthony Richardson (31989999),Anthony Richardson,31989999,QB,4000,LV@IND 12/31/2023 01:00PM ET,IND,18.67
QB,Kellen Mond (31990000),Kellen Mond,31990000,QB,4000,LV@IND 12/31/2023 01:00PM ET,IND,0
RB,Brandon Bolden (31990153),Brandon Bolden,31990153,RB/FLEX,4000,LV@IND 12/31/2023 01:00PM ET,LV,0.7
RB,Brittain Brown (31990227),Brittain Brown,31990227,RB/FLEX,4000,LV@IND 12/31/2023 01:00PM ET,LV,0
RB,Austin Walter (31990229),Austin Walter,31990229,RB/FLEX,4000,LV@IND 12/31/2023 01:00PM ET,LV,0
RB,Sincere McCormick (31990231),Sincere McCormick,31990231,RB/FLEX,4000,LV@IND 12/31/2023 01:00PM ET,LV,0
RB,Jakob Johnson (31990233),Jakob Johnson,31990233,RB/FLEX,4000,LV@IND 12/31/2023 01:00PM ET,LV,0.2
RB,Evan Hull (31990235),Evan Hull,31990235,RB/FLEX,4000,LV@IND 12/31/2023 01:00PM ET,IND,1.7
RB,Zavier Scott (31990237),Zavier Scott,31990237,RB/FLEX,4000,LV@IND 12/31/2023 01:00PM ET,IND,0
QB,E.J. Perry (31989997),E.J. Perry,31989997,QB,4000,CAR@JAX 12/31/2023 01:00PM ET,JAX,0
RB,Snoop Conner (31990221),Snoop Conner,31990221,RB/FLEX,4000,CAR@JAX 12/31/2023 01:00PM ET,JAX,0
RB,Raheem Blackshear (31990223),Raheem Blackshear,31990223,RB/FLEX,4000,CAR@JAX 12/31/2023 01:00PM ET,CAR,1.65
RB,Spencer Brown (31990225),Spencer Brown,31990225,RB/FLEX,4000,CAR@JAX 12/31/2023 01:00PM ET,CAR,0
WR,Zay Jones (31990405),Zay Jones,31990405,WR/FLEX,4000,CAR@JAX 12/31/2023 01:00PM ET,JAX,8.42
QB,Daniel Jones (31989995),Daniel Jones,31989995,QB,4000,LAR@NYG 12/31/2023 01:00PM ET,NYG,11.16
QB,Stetson Bennett (31989996),Stetson Bennett,31989996,QB,4000,LAR@NYG 12/31/2023 01:00PM ET,LAR,0
RB,Eric Gray (31990209),Eric Gray,31990209,RB/FLEX,4000,LAR@NYG 12/31/2023 01:00PM ET,NYG,0.67
RB,Jashaun Corbin (31990211),Jashaun Corbin,31990211,RB/FLEX,4000,LAR@NYG 12/31/2023 01:00PM ET,NYG,1.08
RB,Gary Brightwell (31990213),Gary Brightwell,31990213,RB/FLEX,4000,LAR@NYG 12/31/2023 01:00PM ET,NYG,1.66
RB,Deon Jackson (31990215),Deon Jackson,31990215,RB/FLEX,4000,LAR@NYG 12/31/2023 01:00PM ET,NYG,1.5
RB,Zach Evans (31990217),Zach Evans,31990217,RB/FLEX,4000,LAR@NYG 12/31/2023 01:00PM ET,LAR,0.18
RB,Darrell Henderson Jr. (31990219),Darrell Henderson Jr.,31990219,RB/FLEX,4000,LAR@NYG 12/31/2023 01:00PM ET,LAR,10.88
WR,Wan'Dale Robinson (31990403),Wan'Dale Robinson,31990403,WR/FLEX,4000,LAR@NYG 12/31/2023 01:00PM ET,NYG,7.68
QB,Jeff Driskel (31989994),Jeff Driskel,31989994,QB,4000,ARI@PHI 12/31/2023 01:00PM ET,ARI,0
RB,Marlon Mack (31990199),Marlon Mack,31990199,RB/FLEX,4000,ARI@PHI 12/31/2023 01:00PM ET,ARI,0
RB,Tony Jones Jr. (31990201),Tony Jones Jr.,31990201,RB/FLEX,4000,ARI@PHI 12/31/2023 01:00PM ET,ARI,4.6
RB,Corey Clement (31990203),Corey Clement,31990203,RB/FLEX,4000,ARI@PHI 12/31/2023 01:00PM ET,ARI,0
RB,Rashaad Penny (31990205),Rashaad Penny,31990205,RB/FLEX,4000,ARI@PHI 12/31/2023 01:00PM ET,PHI,1.6
RB,Lew Nichols III (31990207),Lew Nichols III,31990207,RB/FLEX,4000,ARI@PHI 12/31/2023 01:00PM ET,PHI,0
RB,Michael Carter (31990305),Michael Carter,31990305,RB/FLEX,4000,ARI@PHI 12/31/2023 01:00PM ET,ARI,3.25
DST,Eagles  (31991094),Eagles ,31991094,DST,4000,ARI@PHI 12/31/2023 01:00PM ET,PHI,6.2
QB,John Wolford (31989992),John Wolford,31989992,QB,4000,NO@TB 12/31/2023 01:00PM ET,TB,0
QB,Jake Haener (31989993),Jake Haener,31989993,QB,4000,NO@TB 12/31/2023 01:00PM ET,NO,0
RB,Sean Tucker (31990185),Sean Tucker,31990185,RB/FLEX,4000,NO@TB 12/31/2023 01:00PM ET,TB,0.47
RB,Patrick Laird (31990187),Patrick Laird,31990187,RB/FLEX,4000,NO@TB 12/31/2023 01:00PM ET,TB,0
RB,Kendre Miller (31990189),Kendre Miller,31990189,RB/FLEX,4000,NO@TB 12/31/2023 01:00PM ET,NO,4.06
RB,Eno Benjamin (31990191),Eno Benjamin,31990191,RB/FLEX,4000,NO@TB 12/31/2023 01:00PM ET,NO,0
RB,James Robinson (31990193),James Robinson,31990193,RB/FLEX,4000,NO@TB 12/31/2023 01:00PM ET,NO,1
RB,Jordan Mims (31990195),Jordan Mims,31990195,RB/FLEX,4000,NO@TB 12/31/2023 01:00PM ET,NO,0
RB,Adam Prentice (31990197),Adam Prentice,31990197,RB/FLEX,4000,NO@TB 12/31/2023 01:00PM ET,NO,0.09
QB,Jake Fromm (31989990),Jake Fromm,31989990,QB,4000,SF@WAS 12/31/2023 01:00PM ET,WAS,0
QB,Brandon Allen (31989991),Brandon Allen,31989991,QB,4000,SF@WAS 12/31/2023 01:00PM ET,SF,0
RB,Alex Armah (31990175),Alex Armah,31990175,RB/FLEX,4000,SF@WAS 12/31/2023 01:00PM ET,WAS,0.38
RB,Jonathan Williams (31990177),Jonathan Williams,31990177,RB/FLEX,4000,SF@WAS 12/31/2023 01:00PM ET,WAS,-0.2
RB,Jeremy McNichols (31990179),Jeremy McNichols,31990179,RB/FLEX,4000,SF@WAS 12/31/2023 01:00PM ET,SF,0
RB,Kyle Juszczyk (31990181),Kyle Juszczyk,31990181,RB/FLEX,4000,SF@WAS 12/31/2023 01:00PM ET,SF,2.21
RB,Tyrion Davis-Price (31990183),Tyrion Davis-Price,31990183,RB/FLEX,4000,SF@WAS 12/31/2023 01:00PM ET,SF,2.1
QB,Sean Mannion (31989988),Sean Mannion,31989988,QB,4000,PIT@SEA 12/31/2023 04:05PM ET,SEA,0
QB,Trace McSorley (31989989),Trace McSorley,31989989,QB,4000,PIT@SEA 12/31/2023 04:05PM ET,PIT,0
RB,Kenny McIntosh (31990165),Kenny McIntosh,31990165,RB/FLEX,4000,PIT@SEA 12/31/2023 04:05PM ET,SEA,0
RB,Bryant Koback (31990167),Bryant Koback,31990167,RB/FLEX,4000,PIT@SEA 12/31/2023 04:05PM ET,SEA,0
RB,Godwin Igwebuike (31990169),Godwin Igwebuike,31990169,RB/FLEX,4000,PIT@SEA 12/31/2023 04:05PM ET,PIT,0
RB,Alfonzo Graham (31990171),Alfonzo Graham,31990171,RB/FLEX,4000,PIT@SEA 12/31/2023 04:05PM ET,PIT,0
RB,Jack Colletto (31990173),Jack Colletto,31990173,RB/FLEX,4000,PIT@SEA 12/31/2023 04:05PM ET,PIT,0
RB,DeeJay Dallas (31990307),DeeJay Dallas,31990307,RB/FLEX,4000,PIT@SEA 12/31/2023 04:05PM ET,SEA,0.68
QB,Max Duggan (31989985),Max Duggan,31989985,QB,4000,LAC@DEN 12/31/2023 04:25PM ET,LAC,0
QB,Justin Herbert (31989986),Justin Herbert,31989986,QB,4000,LAC@DEN 12/31/2023 04:25PM ET,LAC,19.32
QB,Ben DiNucci (31989987),Ben DiNucci,31989987,QB,4000,LAC@DEN 12/31/2023 04:25PM ET,DEN,0
RB,Elijah Dotson (31990157),Elijah Dotson,31990157,RB/FLEX,4000,LAC@DEN 12/31/2023 04:25PM ET,LAC,0.98
RB,Dwayne Washington (31990159),Dwayne Washington,31990159,RB/FLEX,4000,LAC@DEN 12/31/2023 04:25PM ET,DEN,0
RB,Michael Burton (31990161),Michael Burton,31990161,RB/FLEX,4000,LAC@DEN 12/31/2023 04:25PM ET,DEN,0.45
RB,Tyler Badie (31990163),Tyler Badie,31990163,RB/FLEX,4000,LAC@DEN 12/31/2023 04:25PM ET,DEN,0
DST,Bills  (31991095),Bills ,31991095,DST,3900,NE@BUF 12/31/2023 01:00PM ET,BUF,8.67
WR,Darnell Mooney (31990409),Darnell Mooney,31990409,WR/FLEX,3900,ATL@CHI 12/31/2023 01:00PM ET,CHI,5.26
WR,Alec Pierce (31990407),Alec Pierce,31990407,WR/FLEX,3900,LV@IND 12/31/2023 01:00PM ET,IND,5.71
WR,Michael Thomas (31990411),Michael Thomas,31990411,WR/FLEX,3900,NO@TB 12/31/2023 01:00PM ET,NO,8.98
WR,Parker Washington (31990415),Parker Washington,31990415,WR/FLEX,3800,CAR@JAX 12/31/2023 01:00PM ET,JAX,5.27
DST,Jaguars  (31991096),Jaguars ,31991096,DST,3800,CAR@JAX 12/31/2023 01:00PM ET,JAX,6.6
WR,Jauan Jennings (31990413),Jauan Jennings,31990413,WR/FLEX,3800,SF@WAS 12/31/2023 01:00PM ET,SF,3.96
WR,Robert Woods (31990419),Robert Woods,31990419,WR/FLEX,3700,TEN@HOU 12/31/2023 01:00PM ET,HOU,6.12
TE,Pat Freiermuth (31990833),Pat Freiermuth,31990833,TE/FLEX,3700,PIT@SEA 12/31/2023 04:05PM ET,PIT,6.83
DST,Seahawks  (31991097),Seahawks ,31991097,DST,3700,PIT@SEA 12/31/2023 04:05PM ET,SEA,7.13
WR,Quentin Johnston (31990417),Quentin Johnston,31990417,WR/FLEX,3700,LAC@DEN 12/31/2023 04:25PM ET,LAC,5.59
DST,Chiefs  (31991098),Chiefs ,31991098,DST,3600,CIN@KC 12/31/2023 04:25PM ET,KC,7.47
WR,Rashod Bateman (31990425),Rashod Bateman,31990425,WR/FLEX,3600,MIA@BAL 12/31/2023 01:00PM ET,BAL,4.79
WR,Cedrick Wilson Jr. (31990427),Cedrick Wilson Jr.,31990427,WR/FLEX,3600,MIA@BAL 12/31/2023 01:00PM ET,MIA,4.27
WR,DeVante Parker (31990429),DeVante Parker,31990429,WR/FLEX,3600,NE@BUF 12/31/2023 01:00PM ET,NE,6.21
TE,Chig Okonkwo (31990835),Chig Okonkwo,31990835,TE/FLEX,3600,TEN@HOU 12/31/2023 01:00PM ET,TEN,6.76
WR,DJ Chark Jr. (31990423),DJ Chark Jr.,31990423,WR/FLEX,3600,CAR@JAX 12/31/2023 01:00PM ET,CAR,8.32
WR,Rondale Moore (31990421),Rondale Moore,31990421,WR/FLEX,3600,ARI@PHI 12/31/2023 01:00PM ET,ARI,6.07
WR,Jonathan Mingo (31990435),Jonathan Mingo,31990435,WR/FLEX,3500,CAR@JAX 12/31/2023 01:00PM ET,CAR,5.91
DST,Rams  (31991099),Rams ,31991099,DST,3500,LAR@NYG 12/31/2023 01:00PM ET,LAR,4.6
WR,Michael Wilson (31990433),Michael Wilson,31990433,WR/FLEX,3500,ARI@PHI 12/31/2023 01:00PM ET,ARI,7.59
WR,A.T. Perry (31990431),A.T. Perry,31990431,WR/FLEX,3500,NO@TB 12/31/2023 01:00PM ET,NO,4.85
TE,Logan Thomas (31990837),Logan Thomas,31990837,TE/FLEX,3500,SF@WAS 12/31/2023 01:00PM ET,WAS,8.71
WR,Marvin Mims Jr. (31990437),Marvin Mims Jr.,31990437,WR/FLEX,3500,LAC@DEN 12/31/2023 04:25PM ET,DEN,4.87
TE,Gerald Everett (31990839),Gerald Everett,31990839,TE/FLEX,3500,LAC@DEN 12/31/2023 04:25PM ET,LAC,7.85
WR,Justin Watson (31990443),Justin Watson,31990443,WR/FLEX,3400,CIN@KC 12/31/2023 04:25PM ET,KC,6.06
WR,Khalil Shakir (31990441),Khalil Shakir,31990441,WR/FLEX,3400,NE@BUF 12/31/2023 01:00PM ET,BUF,6.05
DST,Bears  (31991100),Bears ,31991100,DST,3400,ATL@CHI 12/31/2023 01:00PM ET,CHI,7
WR,Tutu Atwell (31990439),Tutu Atwell,31990439,WR/FLEX,3400,LAR@NYG 12/31/2023 01:00PM ET,LAR,7.94
WR,Darius Slayton (31990445),Darius Slayton,31990445,WR/FLEX,3400,LAR@NYG 12/31/2023 01:00PM ET,NYG,7.55
WR,Quez Watkins (31990447),Quez Watkins,31990447,WR/FLEX,3400,ARI@PHI 12/31/2023 01:00PM ET,PHI,1.49
TE,Juwan Johnson (31990841),Juwan Johnson,31990841,TE/FLEX,3400,NO@TB 12/31/2023 01:00PM ET,NO,6.16
WR,Trenton Irwin (31990463),Trenton Irwin,31990463,WR/FLEX,3300,CIN@KC 12/31/2023 04:25PM ET,CIN,3.99
TE,Tanner Hudson (31990845),Tanner Hudson,31990845,TE/FLEX,3300,CIN@KC 12/31/2023 04:25PM ET,CIN,7.03
WR,Nelson Agholor (31990461),Nelson Agholor,31990461,WR/FLEX,3300,MIA@BAL 12/31/2023 01:00PM ET,BAL,5.63
WR,Braxton Berrios (31990465),Braxton Berrios,31990465,WR/FLEX,3300,MIA@BAL 12/31/2023 01:00PM ET,MIA,3.71
WR,JuJu Smith-Schuster (31990455),JuJu Smith-Schuster,31990455,WR/FLEX,3300,NE@BUF 12/31/2023 01:00PM ET,NE,5.54
WR,Treylon Burks (31990451),Treylon Burks,31990451,WR/FLEX,3300,TEN@HOU 12/31/2023 01:00PM ET,TEN,4.09
WR,Tre Tucker (31990453),Tre Tucker,31990453,WR/FLEX,3300,LV@IND 12/31/2023 01:00PM ET,LV,3.73
WR,Jamal Agnew (31990457),Jamal Agnew,31990457,WR/FLEX,3300,CAR@JAX 12/31/2023 01:00PM ET,JAX,3.4
TE,Tyler Higbee (31990843),Tyler Higbee,31990843,TE/FLEX,3300,LAR@NYG 12/31/2023 01:00PM ET,LAR,6.88
WR,Trey Palmer (31990449),Trey Palmer,31990449,WR/FLEX,3300,NO@TB 12/31/2023 01:00PM ET,TB,5.09
DST,Buccaneers  (31991101),Buccaneers ,31991101,DST,3300,NO@TB 12/31/2023 01:00PM ET,TB,7.8
WR,Ronnie Bell (31990459),Ronnie Bell,31990459,WR/FLEX,3300,SF@WAS 12/31/2023 01:00PM ET,SF,1.55
DST,Steelers  (31991112),Steelers ,31991112,DST,3300,PIT@SEA 12/31/2023 04:05PM ET,PIT,8.53
WR,Brandon Johnson (31990467),Brandon Johnson,31990467,WR/FLEX,3300,LAC@DEN 12/31/2023 04:25PM ET,DEN,4.9
WR,Kadarius Toney (31990479),Kadarius Toney,31990479,WR/FLEX,3200,CIN@KC 12/31/2023 04:25PM ET,KC,4.08
WR,Andrei Iosivas (31990485),Andrei Iosivas,31990485,WR/FLEX,3200,CIN@KC 12/31/2023 04:25PM ET,CIN,2.14
WR,Tyler Scott (31990483),Tyler Scott,31990483,WR/FLEX,3200,ATL@CHI 12/31/2023 01:00PM ET,CHI,2.08
DST,Titans  (31991103),Titans ,31991103,DST,3200,TEN@HOU 12/31/2023 01:00PM ET,TEN,6.27
WR,D.J. Montgomery (31990473),D.J. Montgomery,31990473,WR/FLEX,3200,LV@IND 12/31/2023 01:00PM ET,IND,2.92
TE,Michael Mayer (31990847),Michael Mayer,31990847,TE/FLEX,3200,LV@IND 12/31/2023 01:00PM ET,LV,5.1
DST,Colts  (31991102),Colts ,31991102,DST,3200,LV@IND 12/31/2023 01:00PM ET,IND,8.8
WR,Ihmir Smith-Marsette (31990481),Ihmir Smith-Marsette,31990481,WR/FLEX,3200,CAR@JAX 12/31/2023 01:00PM ET,CAR,1.78
WR,Jalin Hyatt (31990477),Jalin Hyatt,31990477,WR/FLEX,3200,LAR@NYG 12/31/2023 01:00PM ET,NYG,3.75
WR,Allen Robinson II (31990471),Allen Robinson II,31990471,WR/FLEX,3200,PIT@SEA 12/31/2023 04:05PM ET,PIT,4.13
WR,Jake Bobo (31990475),Jake Bobo,31990475,WR/FLEX,3200,PIT@SEA 12/31/2023 04:05PM ET,SEA,3.57
WR,Alex Erickson (31990469),Alex Erickson,31990469,WR/FLEX,3200,LAC@DEN 12/31/2023 04:25PM ET,LAC,3.92
WR,Marquez Valdes-Scantling (31990489),Marquez Valdes-Scantling,31990489,WR/FLEX,3100,CIN@KC 12/31/2023 04:25PM ET,KC,3.75
DST,Falcons  (31991105),Falcons ,31991105,DST,3100,ATL@CHI 12/31/2023 01:00PM ET,ATL,6.73
WR,Hunter Renfrow (31990495),Hunter Renfrow,31990495,WR/FLEX,3100,LV@IND 12/31/2023 01:00PM ET,LV,3.3
WR,David Moore (31990491),David Moore,31990491,WR/FLEX,3100,NO@TB 12/31/2023 01:00PM ET,TB,3.72
TE,Cade Otton (31990849),Cade Otton,31990849,TE/FLEX,3100,NO@TB 12/31/2023 01:00PM ET,TB,7.3
DST,Saints  (31991104),Saints ,31991104,DST,3100,NO@TB 12/31/2023 01:00PM ET,NO,8.07
WR,Calvin Austin III (31990493),Calvin Austin III,31990493,WR/FLEX,3100,PIT@SEA 12/31/2023 04:05PM ET,PIT,3.46
WR,Lil'Jordan Humphrey (31990487),Lil'Jordan Humphrey,31990487,WR/FLEX,3100,LAC@DEN 12/31/2023 04:25PM ET,DEN,2.15
WR,Richie James Jr. (31990781),Richie James Jr.,31990781,WR/FLEX,3000,CIN@KC 12/31/2023 04:25PM ET,KC,2.19
WR,Justyn Ross (31990783),Justyn Ross,31990783,WR/FLEX,3000,CIN@KC 12/31/2023 04:25PM ET,KC,0.95
WR,Montrell Washington (31990785),Montrell Washington,31990785,WR/FLEX,3000,CIN@KC 12/31/2023 04:25PM ET,KC,0
WR,Mecole Hardman Jr. (31990787),Mecole Hardman Jr.,31990787,WR/FLEX,3000,CIN@KC 12/31/2023 04:25PM ET,KC,1.44
WR,Skyy Moore (31990789),Skyy Moore,31990789,WR/FLEX,3000,CIN@KC 12/31/2023 04:25PM ET,KC,3.84
WR,Nikko Remigio (31990791),Nikko Remigio,31990791,WR/FLEX,3000,CIN@KC 12/31/2023 04:25PM ET,KC,0
WR,Cornell Powell (31990793),Cornell Powell,31990793,WR/FLEX,3000,CIN@KC 12/31/2023 04:25PM ET,KC,0
WR,Charlie Jones (31990795),Charlie Jones,31990795,WR/FLEX,3000,CIN@KC 12/31/2023 04:25PM ET,CIN,1.28
WR,Shedrick Jackson (31990797),Shedrick Jackson,31990797,WR/FLEX,3000,CIN@KC 12/31/2023 04:25PM ET,CIN,0
WR,Kendric Pryor (31990799),Kendric Pryor,31990799,WR/FLEX,3000,CIN@KC 12/31/2023 04:25PM ET,CIN,0
WR,Stanley Morgan (31990801),Stanley Morgan,31990801,WR/FLEX,3000,CIN@KC 12/31/2023 04:25PM ET,CIN,0
WR,Kwamie Lassiter II (31990803),Kwamie Lassiter II,31990803,WR/FLEX,3000,CIN@KC 12/31/2023 04:25PM ET,CIN,1.2
WR,Tylan Wallace (31990757),Tylan Wallace,31990757,WR/FLEX,3000,MIA@BAL 12/31/2023 01:00PM ET,BAL,0.75
WR,Devin Duvernay (31990759),Devin Duvernay,31990759,WR/FLEX,3000,MIA@BAL 12/31/2023 01:00PM ET,BAL,0.56
WR,Laquon Treadwell (31990761),Laquon Treadwell,31990761,WR/FLEX,3000,MIA@BAL 12/31/2023 01:00PM ET,BAL,0
WR,Tarik Black (31990763),Tarik Black,31990763,WR/FLEX,3000,MIA@BAL 12/31/2023 01:00PM ET,BAL,0
WR,Sean Ryan (31990765),Sean Ryan,31990765,WR/FLEX,3000,MIA@BAL 12/31/2023 01:00PM ET,BAL,0
WR,Robbie Chosen (31990767),Robbie Chosen,31990767,WR/FLEX,3000,MIA@BAL 12/31/2023 01:00PM ET,MIA,3.23
WR,Chase Claypool (31990769),Chase Claypool,31990769,WR/FLEX,3000,MIA@BAL 12/31/2023 01:00PM ET,MIA,2.04
WR,River Cracraft (31990771),River Cracraft,31990771,WR/FLEX,3000,MIA@BAL 12/31/2023 01:00PM ET,MIA,3.04
WR,Erik Ezukanma (31990773),Erik Ezukanma,31990773,WR/FLEX,3000,MIA@BAL 12/31/2023 01:00PM ET,MIA,1.1
WR,Freddie Swain (31990775),Freddie Swain,31990775,WR/FLEX,3000,MIA@BAL 12/31/2023 01:00PM ET,MIA,0
WR,Braylon Sanders (31990777),Braylon Sanders,31990777,WR/FLEX,3000,MIA@BAL 12/31/2023 01:00PM ET,MIA,0
WR,Anthony Schwartz (31990779),Anthony Schwartz,31990779,WR/FLEX,3000,MIA@BAL 12/31/2023 01:00PM ET,MIA,0
WR,Jalen Reagor (31990733),Jalen Reagor,31990733,WR/FLEX,3000,NE@BUF 12/31/2023 01:00PM ET,NE,1.29
WR,Kayshon Boutte (31990735),Kayshon Boutte,31990735,WR/FLEX,3000,NE@BUF 12/31/2023 01:00PM ET,NE,0.98
WR,Matthew Slater (31990737),Matthew Slater,31990737,WR/FLEX,3000,NE@BUF 12/31/2023 01:00PM ET,NE,0
WR,Kendrick Bourne (31990739),Kendrick Bourne,31990739,WR/FLEX,3000,NE@BUF 12/31/2023 01:00PM ET,NE,12.62
WR,Tre Nixon (31990741),Tre Nixon,31990741,WR/FLEX,3000,NE@BUF 12/31/2023 01:00PM ET,NE,0
WR,T.J. Luther (31990743),T.J. Luther,31990743,WR/FLEX,3000,NE@BUF 12/31/2023 01:00PM ET,NE,0
WR,Trent Sherfield (31990745),Trent Sherfield,31990745,WR/FLEX,3000,NE@BUF 12/31/2023 01:00PM ET,BUF,0.95
WR,Deonte Harty (31990747),Deonte Harty,31990747,WR/FLEX,3000,NE@BUF 12/31/2023 01:00PM ET,BUF,2.34
WR,Justin Shorter (31990749),Justin Shorter,31990749,WR/FLEX,3000,NE@BUF 12/31/2023 01:00PM ET,BUF,0
WR,Andy Isabella (31990751),Andy Isabella,31990751,WR/FLEX,3000,NE@BUF 12/31/2023 01:00PM ET,BUF,0
WR,Bryan Thompson (31990753),Bryan Thompson,31990753,WR/FLEX,3000,NE@BUF 12/31/2023 01:00PM ET,BUF,0
WR,Tyrell Shavers (31990755),Tyrell Shavers,31990755,WR/FLEX,3000,NE@BUF 12/31/2023 01:00PM ET,BUF,0
WR,Tyquan Thornton (31990805),Tyquan Thornton,31990805,WR/FLEX,3000,NE@BUF 12/31/2023 01:00PM ET,NE,2.72
TE,Dawson Knox (31990855),Dawson Knox,31990855,TE/FLEX,3000,NE@BUF 12/31/2023 01:00PM ET,BUF,4.44
WR,Mack Hollins (31990501),Mack Hollins,31990501,WR/FLEX,3000,ATL@CHI 12/31/2023 01:00PM ET,ATL,3.92
WR,Equanimeous St. Brown (31990709),Equanimeous St. Brown,31990709,WR/FLEX,3000,ATL@CHI 12/31/2023 01:00PM ET,CHI,1.68
WR,Velus Jones Jr. (31990711),Velus Jones Jr.,31990711,WR/FLEX,3000,ATL@CHI 12/31/2023 01:00PM ET,CHI,0.91
WR,Trent Taylor (31990713),Trent Taylor,31990713,WR/FLEX,3000,ATL@CHI 12/31/2023 01:00PM ET,CHI,-0.08
WR,Collin Johnson (31990715),Collin Johnson,31990715,WR/FLEX,3000,ATL@CHI 12/31/2023 01:00PM ET,CHI,0
WR,Joe Reed (31990717),Joe Reed,31990717,WR/FLEX,3000,ATL@CHI 12/31/2023 01:00PM ET,CHI,0
WR,Nsimba Webster (31990719),Nsimba Webster,31990719,WR/FLEX,3000,ATL@CHI 12/31/2023 01:00PM ET,CHI,0
WR,KhaDarel Hodge (31990721),KhaDarel Hodge,31990721,WR/FLEX,3000,ATL@CHI 12/31/2023 01:00PM ET,ATL,2.48
WR,Van Jefferson (31990723),Van Jefferson,31990723,WR/FLEX,3000,ATL@CHI 12/31/2023 01:00PM ET,ATL,2.21
WR,Scotty Miller (31990725),Scotty Miller,31990725,WR/FLEX,3000,ATL@CHI 12/31/2023 01:00PM ET,ATL,2.03
WR,Josh Ali (31990727),Josh Ali,31990727,WR/FLEX,3000,ATL@CHI 12/31/2023 01:00PM ET,ATL,0
WR,Frank Darby (31990729),Frank Darby,31990729,WR/FLEX,3000,ATL@CHI 12/31/2023 01:00PM ET,ATL,0
WR,Chris Blair (31990731),Chris Blair,31990731,WR/FLEX,3000,ATL@CHI 12/31/2023 01:00PM ET,ATL,0
TE,Jonnu Smith (31990851),Jonnu Smith,31990851,TE/FLEX,3000,ATL@CHI 12/31/2023 01:00PM ET,ATL,7.75
WR,Nick Westbrook-Ikhine (31990499),Nick Westbrook-Ikhine,31990499,WR/FLEX,3000,TEN@HOU 12/31/2023 01:00PM ET,TEN,6.07
WR,Chris Moore (31990503),Chris Moore,31990503,WR/FLEX,3000,TEN@HOU 12/31/2023 01:00PM ET,TEN,3.87
WR,Kyle Philips (31990679),Kyle Philips,31990679,WR/FLEX,3000,TEN@HOU 12/31/2023 01:00PM ET,TEN,3.58
WR,Colton Dowell (31990681),Colton Dowell,31990681,WR/FLEX,3000,TEN@HOU 12/31/2023 01:00PM ET,TEN,0.14
WR,Mason Kinsey (31990683),Mason Kinsey,31990683,WR/FLEX,3000,TEN@HOU 12/31/2023 01:00PM ET,TEN,0.4
WR,Kearis Jackson (31990685),Kearis Jackson,31990685,WR/FLEX,3000,TEN@HOU 12/31/2023 01:00PM ET,TEN,0
WR,Shi Smith (31990687),Shi Smith,31990687,WR/FLEX,3000,TEN@HOU 12/31/2023 01:00PM ET,TEN,0
WR,Tre'Shaun Harrison (31990689),Tre'Shaun Harrison,31990689,WR/FLEX,3000,TEN@HOU 12/31/2023 01:00PM ET,TEN,0
WR,Xavier Hutchinson (31990691),Xavier Hutchinson,31990691,WR/FLEX,3000,TEN@HOU 12/31/2023 01:00PM ET,HOU,1.25
WR,John Metchie III (31990693),John Metchie III,31990693,WR/FLEX,3000,TEN@HOU 12/31/2023 01:00PM ET,HOU,2.04
WR,Tank Dell (31990695),Tank Dell,31990695,WR/FLEX,3000,TEN@HOU 12/31/2023 01:00PM ET,HOU,15.82
WR,Jesse Matthews (31990697),Jesse Matthews,31990697,WR/FLEX,3000,TEN@HOU 12/31/2023 01:00PM ET,HOU,0
WR,Johnny Johnson III (31990699),Johnny Johnson III,31990699,WR/FLEX,3000,TEN@HOU 12/31/2023 01:00PM ET,HOU,0
WR,Chase Cota (31990701),Chase Cota,31990701,WR/FLEX,3000,TEN@HOU 12/31/2023 01:00PM ET,HOU,0
WR,Davion Davis (31990703),Davion Davis,31990703,WR/FLEX,3000,TEN@HOU 12/31/2023 01:00PM ET,HOU,0
WR,Alex Bachman (31990705),Alex Bachman,31990705,WR/FLEX,3000,TEN@HOU 12/31/2023 01:00PM ET,HOU,0
WR,Steven Sims (31990707),Steven Sims,31990707,WR/FLEX,3000,TEN@HOU 12/31/2023 01:00PM ET,HOU,1.87
DST,Texans  (31991106),Texans ,31991106,DST,3000,TEN@HOU 12/31/2023 01:00PM ET,HOU,7.07
WR,DeAndre Carter (31990659),DeAndre Carter,31990659,WR/FLEX,3000,LV@IND 12/31/2023 01:00PM ET,LV,0.56
WR,DJ Turner (31990661),DJ Turner,31990661,WR/FLEX,3000,LV@IND 12/31/2023 01:00PM ET,LV,0
WR,Keelan Cole Sr. (31990663),Keelan Cole Sr.,31990663,WR/FLEX,3000,LV@IND 12/31/2023 01:00PM ET,LV,0
WR,Kristian Wilkerson (31990665),Kristian Wilkerson,31990665,WR/FLEX,3000,LV@IND 12/31/2023 01:00PM ET,LV,0
WR,Ethan Fernea (31990667),Ethan Fernea,31990667,WR/FLEX,3000,LV@IND 12/31/2023 01:00PM ET,IND,0
WR,Isaiah McKenzie (31990669),Isaiah McKenzie,31990669,WR/FLEX,3000,LV@IND 12/31/2023 01:00PM ET,IND,1.43
WR,Ashton Dulin (31990671),Ashton Dulin,31990671,WR/FLEX,3000,LV@IND 12/31/2023 01:00PM ET,IND,0
WR,Tyrie Cleveland (31990673),Tyrie Cleveland,31990673,WR/FLEX,3000,LV@IND 12/31/2023 01:00PM ET,IND,0
WR,Jaydon Mickens (31990675),Jaydon Mickens,31990675,WR/FLEX,3000,LV@IND 12/31/2023 01:00PM ET,IND,0
WR,Juwann Winfree (31990677),Juwann Winfree,31990677,WR/FLEX,3000,LV@IND 12/31/2023 01:00PM ET,IND,0
DST,Raiders  (31991107),Raiders ,31991107,DST,3000,LV@IND 12/31/2023 01:00PM ET,LV,9.13
WR,Tim Jones (31990637),Tim Jones,31990637,WR/FLEX,3000,CAR@JAX 12/31/2023 01:00PM ET,JAX,1.17
WR,Elijah Cooks (31990639),Elijah Cooks,31990639,WR/FLEX,3000,CAR@JAX 12/31/2023 01:00PM ET,JAX,0.97
WR,Christian Kirk (31990641),Christian Kirk,31990641,WR/FLEX,3000,CAR@JAX 12/31/2023 01:00PM ET,JAX,13.19
WR,Jaylon Moore (31990643),Jaylon Moore,31990643,WR/FLEX,3000,CAR@JAX 12/31/2023 01:00PM ET,JAX,0
WR,Seth Williams (31990645),Seth Williams,31990645,WR/FLEX,3000,CAR@JAX 12/31/2023 01:00PM ET,JAX,0
WR,Jacob Harris (31990647),Jacob Harris,31990647,WR/FLEX,3000,CAR@JAX 12/31/2023 01:00PM ET,JAX,0
WR,Mike Strachan (31990649),Mike Strachan,31990649,WR/FLEX,3000,CAR@JAX 12/31/2023 01:00PM ET,CAR,1.38
WR,Terrace Marshall Jr. (31990651),Terrace Marshall Jr.,31990651,WR/FLEX,3000,CAR@JAX 12/31/2023 01:00PM ET,CAR,3.92
WR,Laviska Shenault Jr. (31990653),Laviska Shenault Jr.,31990653,WR/FLEX,3000,CAR@JAX 12/31/2023 01:00PM ET,CAR,2.69
WR,Cam Sims (31990655),Cam Sims,31990655,WR/FLEX,3000,CAR@JAX 12/31/2023 01:00PM ET,CAR,0
WR,Jalen Camp (31990657),Jalen Camp,31990657,WR/FLEX,3000,CAR@JAX 12/31/2023 01:00PM ET,CAR,0
WR,Isaiah Hodgins (31990507),Isaiah Hodgins,31990507,WR/FLEX,3000,LAR@NYG 12/31/2023 01:00PM ET,NYG,3.44
WR,Sterling Shepard (31990617),Sterling Shepard,31990617,WR/FLEX,3000,LAR@NYG 12/31/2023 01:00PM ET,NYG,1.22
WR,Parris Campbell (31990619),Parris Campbell,31990619,WR/FLEX,3000,LAR@NYG 12/31/2023 01:00PM ET,NYG,2.53
WR,Gunner Olszewski (31990621),Gunner Olszewski,31990621,WR/FLEX,3000,LAR@NYG 12/31/2023 01:00PM ET,NYG,-0.1
WR,Bryce Ford-Wheaton (31990623),Bryce Ford-Wheaton,31990623,WR/FLEX,3000,LAR@NYG 12/31/2023 01:00PM ET,NYG,0
WR,Dylan Drummond (31990625),Dylan Drummond,31990625,WR/FLEX,3000,LAR@NYG 12/31/2023 01:00PM ET,NYG,0
WR,Dennis Houston (31990627),Dennis Houston,31990627,WR/FLEX,3000,LAR@NYG 12/31/2023 01:00PM ET,NYG,0
WR,Ben Skowronek (31990629),Ben Skowronek,31990629,WR/FLEX,3000,LAR@NYG 12/31/2023 01:00PM ET,LAR,1.15
WR,Austin Trammell (31990631),Austin Trammell,31990631,WR/FLEX,3000,LAR@NYG 12/31/2023 01:00PM ET,LAR,0.42
WR,Tyler Johnson (31990633),Tyler Johnson,31990633,WR/FLEX,3000,LAR@NYG 12/31/2023 01:00PM ET,LAR,0
WR,Xavier Smith (31990635),Xavier Smith,31990635,WR/FLEX,3000,LAR@NYG 12/31/2023 01:00PM ET,LAR,0
WR,Zach Pascal (31990595),Zach Pascal,31990595,WR/FLEX,3000,ARI@PHI 12/31/2023 01:00PM ET,ARI,0.49
WR,Dan Chisena (31990597),Dan Chisena,31990597,WR/FLEX,3000,ARI@PHI 12/31/2023 01:00PM ET,ARI,0
WR,Kaden Davis (31990599),Kaden Davis,31990599,WR/FLEX,3000,ARI@PHI 12/31/2023 01:00PM ET,ARI,0
WR,Jeff Smith (31990601),Jeff Smith,31990601,WR/FLEX,3000,ARI@PHI 12/31/2023 01:00PM ET,ARI,0
WR,Andre Baccellia (31990603),Andre Baccellia,31990603,WR/FLEX,3000,ARI@PHI 12/31/2023 01:00PM ET,ARI,0
WR,Olamide Zaccheaus (31990605),Olamide Zaccheaus,31990605,WR/FLEX,3000,ARI@PHI 12/31/2023 01:00PM ET,PHI,2.29
WR,Julio Jones (31990607),Julio Jones,31990607,WR/FLEX,3000,ARI@PHI 12/31/2023 01:00PM ET,PHI,1.74
WR,Britain Covey (31990609),Britain Covey,31990609,WR/FLEX,3000,ARI@PHI 12/31/2023 01:00PM ET,PHI,0.11
WR,Greg Ward (31990611),Greg Ward,31990611,WR/FLEX,3000,ARI@PHI 12/31/2023 01:00PM ET,PHI,0
WR,Devon Allen (31990613),Devon Allen,31990613,WR/FLEX,3000,ARI@PHI 12/31/2023 01:00PM ET,PHI,0
WR,Joseph Ngata (31990615),Joseph Ngata,31990615,WR/FLEX,3000,ARI@PHI 12/31/2023 01:00PM ET,PHI,0
WR,Lynn Bowden Jr. (31990505),Lynn Bowden Jr.,31990505,WR/FLEX,3000,NO@TB 12/31/2023 01:00PM ET,NO,1.51
WR,Deven Thompkins (31990575),Deven Thompkins,31990575,WR/FLEX,3000,NO@TB 12/31/2023 01:00PM ET,TB,2.25
WR,Rakim Jarrett (31990577),Rakim Jarrett,31990577,WR/FLEX,3000,NO@TB 12/31/2023 01:00PM ET,TB,1
WR,Russell Gage (31990579),Russell Gage,31990579,WR/FLEX,3000,NO@TB 12/31/2023 01:00PM ET,TB,0
WR,Raleigh Webb (31990581),Raleigh Webb,31990581,WR/FLEX,3000,NO@TB 12/31/2023 01:00PM ET,TB,0
WR,Ryan Miller (31990583),Ryan Miller,31990583,WR/FLEX,3000,NO@TB 12/31/2023 01:00PM ET,TB,0
WR,Cephus Johnson III (31990585),Cephus Johnson III,31990585,WR/FLEX,3000,NO@TB 12/31/2023 01:00PM ET,TB,0
WR,Keith Kirkwood (31990587),Keith Kirkwood,31990587,WR/FLEX,3000,NO@TB 12/31/2023 01:00PM ET,NO,1.22
WR,Shaq Davis (31990589),Shaq Davis,31990589,WR/FLEX,3000,NO@TB 12/31/2023 01:00PM ET,NO,0
WR,Jontre Kirklin (31990591),Jontre Kirklin,31990591,WR/FLEX,3000,NO@TB 12/31/2023 01:00PM ET,NO,0
WR,Marquez Callaway (31990593),Marquez Callaway,31990593,WR/FLEX,3000,NO@TB 12/31/2023 01:00PM ET,NO,0
WR,Byron Pringle (31990551),Byron Pringle,31990551,WR/FLEX,3000,SF@WAS 12/31/2023 01:00PM ET,WAS,1.94
WR,Dyami Brown (31990553),Dyami Brown,31990553,WR/FLEX,3000,SF@WAS 12/31/2023 01:00PM ET,WAS,2.32
WR,Jamison Crowder (31990555),Jamison Crowder,31990555,WR/FLEX,3000,SF@WAS 12/31/2023 01:00PM ET,WAS,2.34
WR,Mitchell Tinsley (31990557),Mitchell Tinsley,31990557,WR/FLEX,3000,SF@WAS 12/31/2023 01:00PM ET,WAS,0
WR,Dax Milne (31990559),Dax Milne,31990559,WR/FLEX,3000,SF@WAS 12/31/2023 01:00PM ET,WAS,0
WR,Kazmeir Allen (31990561),Kazmeir Allen,31990561,WR/FLEX,3000,SF@WAS 12/31/2023 01:00PM ET,WAS,0
WR,Brycen Tremayne (31990563),Brycen Tremayne,31990563,WR/FLEX,3000,SF@WAS 12/31/2023 01:00PM ET,WAS,0
WR,Chris Conley (31990565),Chris Conley,31990565,WR/FLEX,3000,SF@WAS 12/31/2023 01:00PM ET,SF,0
WR,Ray-Ray McCloud III (31990567),Ray-Ray McCloud III,31990567,WR/FLEX,3000,SF@WAS 12/31/2023 01:00PM ET,SF,2.06
WR,Danny Gray (31990569),Danny Gray,31990569,WR/FLEX,3000,SF@WAS 12/31/2023 01:00PM ET,SF,0
WR,Tay Martin (31990571),Tay Martin,31990571,WR/FLEX,3000,SF@WAS 12/31/2023 01:00PM ET,SF,0
WR,Willie Snead IV (31990573),Willie Snead IV,31990573,WR/FLEX,3000,SF@WAS 12/31/2023 01:00PM ET,SF,0.85
TE,Charlie Woerner (31990857),Charlie Woerner,31990857,TE/FLEX,3000,SF@WAS 12/31/2023 01:00PM ET,SF,0.21
WR,Dee Eskridge (31990531),Dee Eskridge,31990531,WR/FLEX,3000,PIT@SEA 12/31/2023 04:05PM ET,SEA,0.12
WR,Dareke Young (31990533),Dareke Young,31990533,WR/FLEX,3000,PIT@SEA 12/31/2023 04:05PM ET,SEA,0
WR,Cody White (31990535),Cody White,31990535,WR/FLEX,3000,PIT@SEA 12/31/2023 04:05PM ET,SEA,0
WR,Cody Thompson (31990537),Cody Thompson,31990537,WR/FLEX,3000,PIT@SEA 12/31/2023 04:05PM ET,SEA,0.29
WR,Cade Johnson (31990539),Cade Johnson,31990539,WR/FLEX,3000,PIT@SEA 12/31/2023 04:05PM ET,SEA,0
WR,Easop Winston Jr. (31990541),Easop Winston Jr.,31990541,WR/FLEX,3000,PIT@SEA 12/31/2023 04:05PM ET,SEA,0
WR,Miles Boykin (31990543),Miles Boykin,31990543,WR/FLEX,3000,PIT@SEA 12/31/2023 04:05PM ET,PIT,0.31
WR,Dez Fitzpatrick (31990545),Dez Fitzpatrick,31990545,WR/FLEX,3000,PIT@SEA 12/31/2023 04:05PM ET,PIT,0
WR,Denzel Mims (31990547),Denzel Mims,31990547,WR/FLEX,3000,PIT@SEA 12/31/2023 04:05PM ET,PIT,0
WR,Duece Watts (31990549),Duece Watts,31990549,WR/FLEX,3000,PIT@SEA 12/31/2023 04:05PM ET,PIT,0
WR,Jalen Guyton (31990497),Jalen Guyton,31990497,WR/FLEX,3000,LAC@DEN 12/31/2023 04:25PM ET,LAC,3.56
WR,Derius Davis (31990509),Derius Davis,31990509,WR/FLEX,3000,LAC@DEN 12/31/2023 04:25PM ET,LAC,2.13
WR,Mike Williams (31990511),Mike Williams,31990511,WR/FLEX,3000,LAC@DEN 12/31/2023 04:25PM ET,LAC,17.73
WR,Simi Fehoko (31990513),Simi Fehoko,31990513,WR/FLEX,3000,LAC@DEN 12/31/2023 04:25PM ET,LAC,1.32
WR,Keelan Doss (31990515),Keelan Doss,31990515,WR/FLEX,3000,LAC@DEN 12/31/2023 04:25PM ET,LAC,0
WR,Terrell Bynum (31990517),Terrell Bynum,31990517,WR/FLEX,3000,LAC@DEN 12/31/2023 04:25PM ET,LAC,0
WR,Tim Patrick (31990519),Tim Patrick,31990519,WR/FLEX,3000,LAC@DEN 12/31/2023 04:25PM ET,DEN,0
WR,Jalen Virgil (31990521),Jalen Virgil,31990521,WR/FLEX,3000,LAC@DEN 12/31/2023 04:25PM ET,DEN,0
WR,Tre'Quan Smith (31990523),Tre'Quan Smith,31990523,WR/FLEX,3000,LAC@DEN 12/31/2023 04:25PM ET,DEN,0
WR,David Sills V (31990525),David Sills V,31990525,WR/FLEX,3000,LAC@DEN 12/31/2023 04:25PM ET,DEN,0
WR,Michael Bandy (31990527),Michael Bandy,31990527,WR/FLEX,3000,LAC@DEN 12/31/2023 04:25PM ET,DEN,0
WR,Phillip Dorsett II (31990529),Phillip Dorsett II,31990529,WR/FLEX,3000,LAC@DEN 12/31/2023 04:25PM ET,DEN,0
TE,Greg Dulcich (31990853),Greg Dulcich,31990853,TE/FLEX,3000,LAC@DEN 12/31/2023 04:25PM ET,DEN,2.75
TE,Durham Smythe (31990861),Durham Smythe,31990861,TE/FLEX,2900,MIA@BAL 12/31/2023 01:00PM ET,MIA,4.09
TE,Robert Tonyan (31990863),Robert Tonyan,31990863,TE/FLEX,2900,ATL@CHI 12/31/2023 01:00PM ET,CHI,1.01
TE,Adam Trautman (31990859),Adam Trautman,31990859,TE/FLEX,2900,LAC@DEN 12/31/2023 04:25PM ET,DEN,3.69
DST,Broncos  (31991108),Broncos ,31991108,DST,2900,LAC@DEN 12/31/2023 04:25PM ET,DEN,7
DST,Chargers  (31991109),Chargers ,31991109,DST,2900,LAC@DEN 12/31/2023 04:25PM ET,LAC,6.8
DST,Ravens  (31991110),Ravens ,31991110,DST,2800,MIA@BAL 12/31/2023 01:00PM ET,BAL,10.4
DST,Dolphins  (31991111),Dolphins ,31991111,DST,2800,MIA@BAL 12/31/2023 01:00PM ET,MIA,9.6
TE,Mike Gesicki (31990873),Mike Gesicki,31990873,TE/FLEX,2800,NE@BUF 12/31/2023 01:00PM ET,NE,3.76
TE,Kylen Granson (31990865),Kylen Granson,31990865,TE/FLEX,2800,LV@IND 12/31/2023 01:00PM ET,IND,5.18
TE,Daniel Bellinger (31990867),Daniel Bellinger,31990867,TE/FLEX,2800,LAR@NYG 12/31/2023 01:00PM ET,NYG,2.84
TE,Davis Allen (31990869),Davis Allen,31990869,TE/FLEX,2800,LAR@NYG 12/31/2023 01:00PM ET,LAR,1.46
TE,Jack Stoll (31990871),Jack Stoll,31990871,TE/FLEX,2800,ARI@PHI 12/31/2023 01:00PM ET,PHI,0.45
TE,Lucas Krull (31990875),Lucas Krull,31990875,TE/FLEX,2800,LAC@DEN 12/31/2023 04:25PM ET,DEN,4.02
TE,Luke Farrell (31990883),Luke Farrell,31990883,TE/FLEX,2700,CAR@JAX 12/31/2023 01:00PM ET,JAX,1.79
DST,Panthers  (31991113),Panthers ,31991113,DST,2700,CAR@JAX 12/31/2023 01:00PM ET,CAR,4.07
TE,Elijah Higgins (31990881),Elijah Higgins,31990881,TE/FLEX,2700,ARI@PHI 12/31/2023 01:00PM ET,ARI,3
TE,Noah Fant (31990879),Noah Fant,31990879,TE/FLEX,2700,PIT@SEA 12/31/2023 04:05PM ET,SEA,4.17
TE,Donald Parham Jr. (31990877),Donald Parham Jr.,31990877,TE/FLEX,2700,LAC@DEN 12/31/2023 04:25PM ET,LAC,5.08
TE,Drew Sample (31990893),Drew Sample,31990893,TE/FLEX,2600,CIN@KC 12/31/2023 04:25PM ET,CIN,2.83
DST,Bengals  (31991114),Bengals ,31991114,DST,2600,CIN@KC 12/31/2023 04:25PM ET,CIN,7.07
TE,Marcedes Lewis (31990891),Marcedes Lewis,31990891,TE/FLEX,2600,ATL@CHI 12/31/2023 01:00PM ET,CHI,0.86
TE,Tommy Tremble (31990887),Tommy Tremble,31990887,TE/FLEX,2600,CAR@JAX 12/31/2023 01:00PM ET,CAR,3.98
TE,Geoff Swaim (31990889),Geoff Swaim,31990889,TE/FLEX,2600,ARI@PHI 12/31/2023 01:00PM ET,ARI,1.39
TE,Colby Parkinson (31990885),Colby Parkinson,31990885,TE/FLEX,2600,PIT@SEA 12/31/2023 04:05PM ET,SEA,3.45
TE,Noah Gray (31991073),Noah Gray,31991073,TE/FLEX,2500,CIN@KC 12/31/2023 04:25PM ET,KC,4.39
TE,Blake Bell (31991075),Blake Bell,31991075,TE/FLEX,2500,CIN@KC 12/31/2023 04:25PM ET,KC,0.75
TE,Jody Fortson (31991077),Jody Fortson,31991077,TE/FLEX,2500,CIN@KC 12/31/2023 04:25PM ET,KC,0
TE,Izaiah Gathings (31991079),Izaiah Gathings,31991079,TE/FLEX,2500,CIN@KC 12/31/2023 04:25PM ET,KC,0
TE,James Winchester (31991081),James Winchester,31991081,TE/FLEX,2500,CIN@KC 12/31/2023 04:25PM ET,KC,0
TE,Matt Bushman (31991083),Matt Bushman,31991083,TE/FLEX,2500,CIN@KC 12/31/2023 04:25PM ET,KC,0
TE,Mitchell Wilcox (31991085),Mitchell Wilcox,31991085,TE/FLEX,2500,CIN@KC 12/31/2023 04:25PM ET,CIN,1.04
TE,Irv Smith Jr. (31991087),Irv Smith Jr.,31991087,TE/FLEX,2500,CIN@KC 12/31/2023 04:25PM ET,CIN,2.88
TE,Zach Gentry (31991089),Zach Gentry,31991089,TE/FLEX,2500,CIN@KC 12/31/2023 04:25PM ET,CIN,0
TE,Cal Adomitis (31991091),Cal Adomitis,31991091,TE/FLEX,2500,CIN@KC 12/31/2023 04:25PM ET,CIN,0
TE,Charlie Kolar (31991057),Charlie Kolar,31991057,TE/FLEX,2500,MIA@BAL 12/31/2023 01:00PM ET,BAL,0.58
TE,Mark Andrews (31991059),Mark Andrews,31991059,TE/FLEX,2500,MIA@BAL 12/31/2023 01:00PM ET,BAL,13.54
TE,Scotty Washington (31991061),Scotty Washington,31991061,TE/FLEX,2500,MIA@BAL 12/31/2023 01:00PM ET,BAL,0
TE,Tyler Ott (31991063),Tyler Ott,31991063,TE/FLEX,2500,MIA@BAL 12/31/2023 01:00PM ET,BAL,0
TE,Julian Hill (31991065),Julian Hill,31991065,TE/FLEX,2500,MIA@BAL 12/31/2023 01:00PM ET,MIA,0.52
TE,Tyler Kroft (31991067),Tyler Kroft,31991067,TE/FLEX,2500,MIA@BAL 12/31/2023 01:00PM ET,MIA,0
TE,Nick Bowers (31991069),Nick Bowers,31991069,TE/FLEX,2500,MIA@BAL 12/31/2023 01:00PM ET,MIA,0
TE,Tanner Conner (31991071),Tanner Conner,31991071,TE/FLEX,2500,MIA@BAL 12/31/2023 01:00PM ET,MIA,0
TE,Pharaoh Brown (31991047),Pharaoh Brown,31991047,TE/FLEX,2500,NE@BUF 12/31/2023 01:00PM ET,NE,2.49
TE,Matt Sokol (31991049),Matt Sokol,31991049,TE/FLEX,2500,NE@BUF 12/31/2023 01:00PM ET,NE,0
TE,Quintin Morris (31991051),Quintin Morris,31991051,TE/FLEX,2500,NE@BUF 12/31/2023 01:00PM ET,BUF,0.82
TE,Zach Davidson (31991053),Zach Davidson,31991053,TE/FLEX,2500,NE@BUF 12/31/2023 01:00PM ET,BUF,0
TE,Tre' McKitty (31991055),Tre' McKitty,31991055,TE/FLEX,2500,NE@BUF 12/31/2023 01:00PM ET,BUF,0
TE,Stephen Carlson (31991033),Stephen Carlson,31991033,TE/FLEX,2500,ATL@CHI 12/31/2023 01:00PM ET,CHI,0
TE,Patrick Scales (31991035),Patrick Scales,31991035,TE/FLEX,2500,ATL@CHI 12/31/2023 01:00PM ET,CHI,0
TE,MyCole Pruitt (31991037),MyCole Pruitt,31991037,TE/FLEX,2500,ATL@CHI 12/31/2023 01:00PM ET,ATL,1.39
TE,Tucker Fisk (31991039),Tucker Fisk,31991039,TE/FLEX,2500,ATL@CHI 12/31/2023 01:00PM ET,ATL,0.48
TE,John FitzPatrick (31991041),John FitzPatrick,31991041,TE/FLEX,2500,ATL@CHI 12/31/2023 01:00PM ET,ATL,0
TE,Feleipe Franks (31991043),Feleipe Franks,31991043,TE/FLEX,2500,ATL@CHI 12/31/2023 01:00PM ET,ATL,0
TE,Parker Hesse (31991045),Parker Hesse,31991045,TE/FLEX,2500,ATL@CHI 12/31/2023 01:00PM ET,ATL,0
TE,Brevin Jordan (31990895),Brevin Jordan,31990895,TE/FLEX,2500,TEN@HOU 12/31/2023 01:00PM ET,HOU,3.42
TE,Josh Whyle (31991019),Josh Whyle,31991019,TE/FLEX,2500,TEN@HOU 12/31/2023 01:00PM ET,TEN,2.22
TE,Trevon Wesco (31991021),Trevon Wesco,31991021,TE/FLEX,2500,TEN@HOU 12/31/2023 01:00PM ET,TEN,0.22
TE,Kevin Rader (31991023),Kevin Rader,31991023,TE/FLEX,2500,TEN@HOU 12/31/2023 01:00PM ET,TEN,0
TE,Thomas Odukoya (31991025),Thomas Odukoya,31991025,TE/FLEX,2500,TEN@HOU 12/31/2023 01:00PM ET,TEN,0
TE,Eric Saubert (31991027),Eric Saubert,31991027,TE/FLEX,2500,TEN@HOU 12/31/2023 01:00PM ET,HOU,0.19
TE,Teagan Quitoriano (31991029),Teagan Quitoriano,31991029,TE/FLEX,2500,TEN@HOU 12/31/2023 01:00PM ET,HOU,0.76
TE,Dalton Keene (31991031),Dalton Keene,31991031,TE/FLEX,2500,TEN@HOU 12/31/2023 01:00PM ET,HOU,0
TE,Austin Hooper (31991003),Austin Hooper,31991003,TE/FLEX,2500,LV@IND 12/31/2023 01:00PM ET,LV,2.31
TE,Jesper Horsted (31991005),Jesper Horsted,31991005,TE/FLEX,2500,LV@IND 12/31/2023 01:00PM ET,LV,0.11
TE,Cole Fotheringham (31991007),Cole Fotheringham,31991007,TE/FLEX,2500,LV@IND 12/31/2023 01:00PM ET,LV,1.6
TE,Drew Ogletree (31991009),Drew Ogletree,31991009,TE/FLEX,2500,LV@IND 12/31/2023 01:00PM ET,IND,2.98
TE,Mo Alie-Cox (31991011),Mo Alie-Cox,31991011,TE/FLEX,2500,LV@IND 12/31/2023 01:00PM ET,IND,2.63
TE,Will Mallory (31991013),Will Mallory,31991013,TE/FLEX,2500,LV@IND 12/31/2023 01:00PM ET,IND,3.58
TE,Jelani Woods (31991015),Jelani Woods,31991015,TE/FLEX,2500,LV@IND 12/31/2023 01:00PM ET,IND,0
TE,Jordan Murray (31991017),Jordan Murray,31991017,TE/FLEX,2500,LV@IND 12/31/2023 01:00PM ET,IND,0
TE,Brenton Strange (31990987),Brenton Strange,31990987,TE/FLEX,2500,CAR@JAX 12/31/2023 01:00PM ET,JAX,1.12
TE,Josh Pederson (31990989),Josh Pederson,31990989,TE/FLEX,2500,CAR@JAX 12/31/2023 01:00PM ET,JAX,0
TE,Ian Thomas (31990991),Ian Thomas,31990991,TE/FLEX,2500,CAR@JAX 12/31/2023 01:00PM ET,CAR,0.91
TE,Stephen Sullivan (31990993),Stephen Sullivan,31990993,TE/FLEX,2500,CAR@JAX 12/31/2023 01:00PM ET,CAR,2.72
TE,Giovanni Ricci (31990995),Giovanni Ricci,31990995,TE/FLEX,2500,CAR@JAX 12/31/2023 01:00PM ET,CAR,0.24
TE,Hayden Hurst (31990997),Hayden Hurst,31990997,TE/FLEX,2500,CAR@JAX 12/31/2023 01:00PM ET,CAR,4.71
TE,Chris Pierce Jr. (31990999),Chris Pierce Jr.,31990999,TE/FLEX,2500,CAR@JAX 12/31/2023 01:00PM ET,CAR,0
TE,Jordan Matthews (31991001),Jordan Matthews,31991001,TE/FLEX,2500,CAR@JAX 12/31/2023 01:00PM ET,CAR,0
TE,Lawrence Cager (31990973),Lawrence Cager,31990973,TE/FLEX,2500,LAR@NYG 12/31/2023 01:00PM ET,NYG,1.24
TE,Ryan Jones (31990975),Ryan Jones,31990975,TE/FLEX,2500,LAR@NYG 12/31/2023 01:00PM ET,NYG,0
TE,Tyree Jackson (31990977),Tyree Jackson,31990977,TE/FLEX,2500,LAR@NYG 12/31/2023 01:00PM ET,NYG,0
TE,Brycen Hopkins (31990979),Brycen Hopkins,31990979,TE/FLEX,2500,LAR@NYG 12/31/2023 01:00PM ET,LAR,0.47
TE,Hunter Long (31990981),Hunter Long,31990981,TE/FLEX,2500,LAR@NYG 12/31/2023 01:00PM ET,LAR,0
TE,Nikola Kalinic (31990983),Nikola Kalinic,31990983,TE/FLEX,2500,LAR@NYG 12/31/2023 01:00PM ET,LAR,0
TE,Miller Forristall (31990985),Miller Forristall,31990985,TE/FLEX,2500,LAR@NYG 12/31/2023 01:00PM ET,LAR,0
DST,Giants  (31991115),Giants ,31991115,DST,2500,LAR@NYG 12/31/2023 01:00PM ET,NYG,6.53
TE,Blake Whiteheart (31990959),Blake Whiteheart,31990959,TE/FLEX,2500,ARI@PHI 12/31/2023 01:00PM ET,ARI,0
TE,Travis Vokolek (31990961),Travis Vokolek,31990961,TE/FLEX,2500,ARI@PHI 12/31/2023 01:00PM ET,ARI,0
TE,Bernhard Seikovits (31990963),Bernhard Seikovits,31990963,TE/FLEX,2500,ARI@PHI 12/31/2023 01:00PM ET,ARI,0
TE,John Samuel Shenker (31990965),John Samuel Shenker,31990965,TE/FLEX,2500,ARI@PHI 12/31/2023 01:00PM ET,ARI,0
TE,Grant Calcaterra (31990967),Grant Calcaterra,31990967,TE/FLEX,2500,ARI@PHI 12/31/2023 01:00PM ET,PHI,0.32
TE,Albert Okwuegbunam (31990969),Albert Okwuegbunam,31990969,TE/FLEX,2500,ARI@PHI 12/31/2023 01:00PM ET,PHI,0
TE,Noah Togiai (31990971),Noah Togiai,31990971,TE/FLEX,2500,ARI@PHI 12/31/2023 01:00PM ET,PHI,0
TE,Ko Kieft (31990941),Ko Kieft,31990941,TE/FLEX,2500,NO@TB 12/31/2023 01:00PM ET,TB,0.48
TE,Payne Durham (31990943),Payne Durham,31990943,TE/FLEX,2500,NO@TB 12/31/2023 01:00PM ET,TB,0.98
TE,Tanner Taula (31990945),Tanner Taula,31990945,TE/FLEX,2500,NO@TB 12/31/2023 01:00PM ET,TB,0
TE,David Wells (31990947),David Wells,31990947,TE/FLEX,2500,NO@TB 12/31/2023 01:00PM ET,TB,0.25
TE,Foster Moreau (31990949),Foster Moreau,31990949,TE/FLEX,2500,NO@TB 12/31/2023 01:00PM ET,NO,3.28
TE,Jimmy Graham (31990951),Jimmy Graham,31990951,TE/FLEX,2500,NO@TB 12/31/2023 01:00PM ET,NO,3.08
TE,Zach Wood (31990953),Zach Wood,31990953,TE/FLEX,2500,NO@TB 12/31/2023 01:00PM ET,NO,0
TE,Tommy Hudson (31990955),Tommy Hudson,31990955,TE/FLEX,2500,NO@TB 12/31/2023 01:00PM ET,NO,0
TE,Michael Jacobson (31990957),Michael Jacobson,31990957,TE/FLEX,2500,NO@TB 12/31/2023 01:00PM ET,NO,0
TE,John Bates (31990923),John Bates,31990923,TE/FLEX,2500,SF@WAS 12/31/2023 01:00PM ET,WAS,2.17
TE,Cole Turner (31990925),Cole Turner,31990925,TE/FLEX,2500,SF@WAS 12/31/2023 01:00PM ET,WAS,1.92
TE,Curtis Hodges (31990927),Curtis Hodges,31990927,TE/FLEX,2500,SF@WAS 12/31/2023 01:00PM ET,WAS,0
TE,Armani Rogers (31990929),Armani Rogers,31990929,TE/FLEX,2500,SF@WAS 12/31/2023 01:00PM ET,WAS,0
TE,Brandon Dillon (31990931),Brandon Dillon,31990931,TE/FLEX,2500,SF@WAS 12/31/2023 01:00PM ET,WAS,0
TE,Ross Dwelley (31990933),Ross Dwelley,31990933,TE/FLEX,2500,SF@WAS 12/31/2023 01:00PM ET,SF,0.18
TE,Brayden Willis (31990935),Brayden Willis,31990935,TE/FLEX,2500,SF@WAS 12/31/2023 01:00PM ET,SF,0
TE,Cameron Latu (31990937),Cameron Latu,31990937,TE/FLEX,2500,SF@WAS 12/31/2023 01:00PM ET,SF,0
TE,Jake Tonges (31990939),Jake Tonges,31990939,TE/FLEX,2500,SF@WAS 12/31/2023 01:00PM ET,SF,0
TE,Will Dissly (31990911),Will Dissly,31990911,TE/FLEX,2500,PIT@SEA 12/31/2023 04:05PM ET,SEA,1.9
TE,Brady Russell (31990913),Brady Russell,31990913,TE/FLEX,2500,PIT@SEA 12/31/2023 04:05PM ET,SEA,0
TE,Tyler Mabry (31990915),Tyler Mabry,31990915,TE/FLEX,2500,PIT@SEA 12/31/2023 04:05PM ET,SEA,0
TE,Connor Heyward (31990917),Connor Heyward,31990917,TE/FLEX,2500,PIT@SEA 12/31/2023 04:05PM ET,PIT,2.49
TE,Darnell Washington (31990919),Darnell Washington,31990919,TE/FLEX,2500,PIT@SEA 12/31/2023 04:05PM ET,PIT,0.87
TE,Rodney Williams II (31990921),Rodney Williams II,31990921,TE/FLEX,2500,PIT@SEA 12/31/2023 04:05PM ET,PIT,0
TE,Stone Smartt (31990897),Stone Smartt,31990897,TE/FLEX,2500,LAC@DEN 12/31/2023 04:25PM ET,LAC,1.77
TE,Nick Vannett (31990899),Nick Vannett,31990899,TE/FLEX,2500,LAC@DEN 12/31/2023 04:25PM ET,LAC,0
TE,Hunter Kampmoyer (31990901),Hunter Kampmoyer,31990901,TE/FLEX,2500,LAC@DEN 12/31/2023 04:25PM ET,LAC,0
TE,Stephen Anderson (31990903),Stephen Anderson,31990903,TE/FLEX,2500,LAC@DEN 12/31/2023 04:25PM ET,LAC,0
TE,Chris Manhertz (31990905),Chris Manhertz,31990905,TE/FLEX,2500,LAC@DEN 12/31/2023 04:25PM ET,DEN,0.24
TE,Nate Adkins (31990907),Nate Adkins,31990907,TE/FLEX,2500,LAC@DEN 12/31/2023 04:25PM ET,DEN,0.78
TE,Mitchell Fraboni (31990909),Mitchell Fraboni,31990909,TE/FLEX,2500,LAC@DEN 12/31/2023 04:25PM ET,DEN,0
DST,Cardinals  (31991116),Cardinals ,31991116,DST,2400,ARI@PHI 12/31/2023 01:00PM ET,ARI,4.2
DST,Patriots  (31991117),Patriots ,31991117,DST,2300,NE@BUF 12/31/2023 01:00PM ET,NE,6.47
DST,Commanders  (31991118),Commanders ,31991118,DST,2000,SF@WAS 12/31/2023 01:00PM ET,WAS,3.8
